<?xml version="1.0" encoding="UTF-8"?>
<!--
Licensed under the Apache License, Version 2.0 (the "License");
you may not use this file except in compliance with the License.
You may obtain a copy of the License at

   http://www.apache.org/licenses/LICENSE-2.0

Unless required by applicable law or agreed to in writing, software
distributed under the License is distributed on an "AS IS" BASIS,
WITHOUT WARRANTIES OR CONDITIONS OF ANY KIND, either express or implied.
See the License for the specific language governing permissions and
limitations under the License.
-->
<collection xmlns:xsi="http://www.w3.org/2001/XMLSchema-instance" xsi:noNamespaceSchemaLocation="mySchema.xsd"
>
 <entry>

  <document type="" group="1">
    <description>---</description>
    <docText>
        <symbol><title>TREE</title></symbol>
        <symbol><title>HALFFISHHAT</title></symbol>
        <symbol><title>BARLEY</title></symbol>
        <symbol><title>BANGLESPLUS</title></symbol>
        <symbol><title>FISHHATENCLOSED</title></symbol>
        <symbol><title>SMALLTWO</title></symbol>
        <symbol><title>TWOREVERSEBRACKETS</title></symbol>
        <symbol><title>JOLLYGIANT</title></symbol>
    </docText>
  </document>
  <document type="" group="1">
    <description>---</description>
    <docText>
        <symbol><title>TREE</title></symbol>
        <symbol><title>FOURSEED</title></symbol>
        <symbol><title>BIGTWO</title></symbol>
        <symbol><title>THREE</title></symbol>
        <symbol><title>MORTAR</title></symbol>
        <symbol><title>FISHDOT</title></symbol>
        <symbol><title>FISHHAT</title></symbol>
        <symbol><title>RAIN</title></symbol>
        <symbol><title>SEED</title></symbol>
        <symbol><title>CLOSEDH</title></symbol>
        <symbol><title>SPADE</title></symbol>
        <symbol><title>CRESCENTMOON</title></symbol>
        <symbol><title>CRESCENTMOON</title></symbol>
        <symbol><title>GUARD</title></symbol>
    </docText>
  </document>
  <document type="" group="1">
    <description>---</description>
    <docText>
        <symbol><title>HARVESTER</title></symbol>
        <symbol><title>WASHBOARD</title></symbol>
        <symbol><title>SPIKEHUT</title></symbol>
        <symbol><title>JOLLYGIANT</title></symbol>
        <symbol><title>BIGTWO</title></symbol>
        <symbol><title>SUN</title></symbol>
        <symbol><title>CRESCENTMOON</title></symbol>
        <symbol><title>GUARD</title></symbol>
    </docText>
  </document>
  <document type="" group="1">
    <description>---</description>
    <docText>
        <symbol><title>TREE</title></symbol>
        <symbol><title>GODINTREE</title></symbol>
        <symbol><title>SPROUT</title></symbol>
        <symbol><title>ARDPLUS</title></symbol>
        <symbol><title>CARP</title></symbol>
        <symbol><title>SPROUT</title></symbol>
        <symbol><title>SMALLONE</title></symbol>
        <symbol><title>SUN</title></symbol>
    </docText>
  </document>
  <document type="" group="1">
    <description>---</description>
    <docText>
        <symbol><title>THREE</title></symbol>
        <symbol><title>SMALLONE</title></symbol>
        <symbol><title>SPADE</title></symbol>
        <symbol><title>CARP</title></symbol>
        <symbol><title>SPROUT</title></symbol>
        <symbol><title>RAIN</title></symbol>
        <symbol><title>FULCRUM</title></symbol>
        <symbol><title>ILLEGIBLE</title></symbol>
    </docText>
  </document>
  <document type="" group="1">
    <description>---</description>
    <docText>
        <symbol><title>TREE</title></symbol>
        <symbol><title>BARLEY</title></symbol>
        <symbol><title>SHOVEL</title></symbol>
        <symbol><title>FISH</title></symbol>
        <symbol><title>FISHHAT</title></symbol>
        <symbol><title>SPROUT</title></symbol>
        <symbol><title>RAIN</title></symbol>
        <symbol><title>WINDMILL</title></symbol>
        <symbol><title>PIPAL</title></symbol>
        <symbol><title>MORTAR</title></symbol>
        <symbol><title>HARROW</title></symbol>
    </docText>
  </document>
  <document type="" group="1">
    <description>---</description>
    <docText>
        <symbol><title>MAN</title></symbol>
        <symbol><title>TREE</title></symbol>
        <symbol><title>BLOSSOMTREE</title></symbol>
        <symbol><title>BARLEYPLUSDOUBLERAKE</title></symbol>
        <symbol><title>FISHHAT</title></symbol>
    </docText>
  </document>
  <document type="" group="1">
    <description>---</description>
    <docText>
        <symbol><title>SUN</title></symbol>
        <symbol><title>YSHAPE</title></symbol>
        <symbol><title>MANWITHANKLEWEIGHT</title></symbol>
    </docText>
  </document>
  <document type="" group="1">
    <description>---</description>
    <docText>
        <symbol><title>TREE</title></symbol>
        <symbol><title>SEVEN</title></symbol>
        <symbol><title>FULCRUM</title></symbol>
        <symbol><title>RAIN</title></symbol>
        <symbol><title>ROUNDSEED</title></symbol>
    </docText>
  </document>
  <document type="" group="1">
    <description>---</description>
    <docText>
        <symbol><title>TREE</title></symbol>
        <symbol><title>GODINTREE</title></symbol>
        <symbol><title>RAKE</title></symbol>
        <symbol><title>THREEINTREE</title></symbol>
        <symbol><title>SMALLLINEBIGLINE</title></symbol>
        <symbol><title>SINGLEBRACKET</title></symbol>
    </docText>
  </document>
  <document type="" group="1">
    <description>---</description>
    <docText>
        <symbol><title>TREE</title></symbol>
        <symbol><title>RICE</title></symbol>
        <symbol><title>RAIN</title></symbol>
        <symbol><title>ROUNDSEED</title></symbol>
    </docText>
  </document>
  <document type="" group="1">
    <description>---</description>
    <docText>
        <symbol><title>WASHBOARDTWIST</title></symbol>
        <symbol><title>FLATCRAB</title></symbol>
        <symbol><title>THREE</title></symbol>
        <symbol><title>MORTAR</title></symbol>
        <symbol><title>FISHDOT</title></symbol>
        <symbol><title>RAKE</title></symbol>
        <symbol><title>SMALLLINEBIGLINE</title></symbol>
        <symbol><title>FLATCRAB</title></symbol>
    </docText>
  </document>
  <document type="" group="1">
    <description>---</description>
    <docText>
        <symbol><title>SPIKEHUT</title></symbol>
        <symbol><title>THREE</title></symbol>
        <symbol><title>BIRDEGG</title></symbol>
        <symbol><title>MANWITHANKLEWEIGHT</title></symbol>
        <symbol><title>THREEINTREE</title></symbol>
        <symbol><title>THREEVERTICALLINES</title></symbol>
    </docText>
  </document>
  <document type="" group="1">
    <description>---</description>
    <docText>
        <symbol><title>SMALLONE</title></symbol>
        <symbol><title>FISHENCLOSED</title></symbol>
        <symbol><title>BIGTWO</title></symbol>
        <symbol><title>RAIN</title></symbol>
        <symbol><title>INVERTEDZWITHFLATROOF</title></symbol>
    </docText>
  </document>
  <document type="" group="1">
    <description>---</description>
    <docText>
        <symbol><title>WASHBOARDTWIST</title></symbol>
        <symbol><title>FLATCRABPLUSBOTTOM</title></symbol>
        <symbol><title>BARLEY</title></symbol>
        <symbol><title>BANGLESWITHDOTS</title></symbol>
        <symbol><title>TWELVE</title></symbol>
    </docText>
  </document>
  <document type="" group="1">
    <description>---</description>
    <docText>
        <symbol><title>TREE</title></symbol>
        <symbol><title>OPENCROSS</title></symbol>
        <symbol><title>ANGLE</title></symbol>
        <symbol><title>SQUIRREL</title></symbol>
        <symbol><title>CARP</title></symbol>
        <symbol><title>FISH</title></symbol>
        <symbol><title>RAKE</title></symbol>
        <symbol><title>SPROUT</title></symbol>
        <symbol><title>TWOINTREE</title></symbol>
        <symbol><title>SMALLLINEBIGLINE</title></symbol>
        <symbol><title>CRESCENTMOON</title></symbol>
    </docText>
  </document>
  <document type="" group="1">
    <description>---</description>
    <docText>
        <symbol><title>DOTINCIRCLE</title></symbol>
        <symbol><title>DOUBLEBRACKETS</title></symbol>
        <symbol><title>TREE</title></symbol>
        <symbol><title>CROOKPLUS</title></symbol>
        <symbol><title>FLYINGPIPAL</title></symbol>
        <symbol><title>FISHLINE</title></symbol>
        <symbol><title>ROUNDCRAB</title></symbol>
        <symbol><title>SPROUT</title></symbol>
    </docText>
  </document>
  <document type="" group="1">
    <description>---</description>
    <docText>
        <symbol><title>FIELD</title></symbol>
        <symbol><title>FIELD</title></symbol>
        <symbol><title>MANWITHSTICK</title></symbol>
        <symbol><title>PIPAL</title></symbol>
        <symbol><title>BIGTTWO</title></symbol>
        <symbol><title>WATERTREE</title></symbol>
        <symbol><title>SPROUT</title></symbol>
        <symbol><title>ARDPLUS</title></symbol>
    </docText>
  </document>
  <document type="" group="1">
    <description>---</description>
    <docText>
        <symbol><title>TREE</title></symbol>
        <symbol><title>VHUT</title></symbol>
        <symbol><title>ODDANGLEBUILDING</title></symbol>
        <symbol><title>CAPTIVE</title></symbol>
        <symbol><title>SMALLONE</title></symbol>
        <symbol><title>SUN</title></symbol>
    </docText>
  </document>
  <document type="" group="1">
    <description>---</description>
    <docText>
        <symbol><title>HARVESTER</title></symbol>
        <symbol><title>HARVESTER</title></symbol>
        <symbol><title>SUNINCIRCLE</title></symbol>
        <symbol><title>HEART</title></symbol>
        <symbol><title>HEART</title></symbol>
    </docText>
  </document>
  <document type="" group="1">
    <description>---</description>
    <docText>
        <symbol><title>TREE</title></symbol>
        <symbol><title>SINGLEBRACKET</title></symbol>
        <symbol><title>THREE</title></symbol>
        <symbol><title>FIELD</title></symbol>
        <symbol><title>FULCRUM</title></symbol>
    </docText>
  </document>
  <document type="" group="1">
    <description>---</description>
    <docText>
        <symbol><title>TREE</title></symbol>
        <symbol><title>GODINTREE</title></symbol>
        <symbol><title>FISHLINE</title></symbol>
        <symbol><title>FISH</title></symbol>
        <symbol><title>BIGTWO</title></symbol>
        <symbol><title>RAIN</title></symbol>
        <symbol><title>SUN</title></symbol>
    </docText>
  </document>
  <document type="" group="1">
    <description>---</description>
    <docText>
        <symbol><title>TREE</title></symbol>
        <symbol><title>GODINTREE</title></symbol>
        <symbol><title>CAPTIVE</title></symbol>
        <symbol><title>RAIN</title></symbol>
        <symbol><title>SEED</title></symbol>
        <symbol><title>DOUBLEARROW</title></symbol>
        <symbol><title>SEEDBAG</title></symbol>
    </docText>
  </document>
  <document type="" group="1">
    <description>---</description>
    <docText>
        <symbol><title>TREE</title></symbol>
        <symbol><title>OPENCROSS</title></symbol>
        <symbol><title>ANGLE</title></symbol>
        <symbol><title>SQUIRREL</title></symbol>
        <symbol><title>CARP</title></symbol>
        <symbol><title>FISHHAT</title></symbol>
    </docText>
  </document>
  <document type="" group="1">
    <description>---</description>
    <docText>
        <symbol><title>BARLEY</title></symbol>
        <symbol><title>FIVE</title></symbol>
        <symbol><title>SMALLONE</title></symbol>
        <symbol><title>TWOINTREE</title></symbol>
        <symbol><title>TREE</title></symbol>
        <symbol><title>SHOVEL</title></symbol>
    </docText>
  </document>
  <document type="" group="1">
    <description>---</description>
    <docText>
        <symbol><title>WATERTREE</title></symbol>
        <symbol><title>ROUNDCRAB</title></symbol>
        <symbol><title>MOUNTAINS</title></symbol>
        <symbol><title>RICE</title></symbol>
    </docText>
  </document>
  <document type="" group="1">
    <description>---</description>
    <docText>
        <symbol><title>MANWITHANKLEWEIGHT</title></symbol>
        <symbol><title>THREE</title></symbol>
        <symbol><title>SMALLONE</title></symbol>
        <symbol><title>TREE</title></symbol>
        <symbol><title>CRESCENTMOON</title></symbol>
        <symbol><title>BED</title></symbol>
    </docText>
  </document>
  <document type="" group="1">
    <description>---</description>
    <docText>
        <symbol><title>TREE</title></symbol>
        <symbol><title>TWELVE</title></symbol>
        <symbol><title>FISH</title></symbol>
        <symbol><title>BIGTWO</title></symbol>
        <symbol><title>ROUNDCRAB</title></symbol>
        <symbol><title>RAIN</title></symbol>
        <symbol><title>SUN</title></symbol>
    </docText>
  </document>
  <document type="" group="1">
    <description>---</description>
    <docText>
        <symbol><title>FIELD</title></symbol>
        <symbol><title>FIELD</title></symbol>
        <symbol><title>MANWITHSTICK</title></symbol>
    </docText>
  </document>
  <document type="" group="1">
    <description>---</description>
    <docText>
        <symbol><title>FIELD</title></symbol>
        <symbol><title>FIELD</title></symbol>
        <symbol><title>MANWITHFOURSTICKS</title></symbol>
    </docText>
  </document>
  <document type="" group="1">
    <description>---</description>
    <docText>
        <symbol><title>TREE</title></symbol>
        <symbol><title>SINGLEBRACKET</title></symbol>
        <symbol><title>THREE</title></symbol>
        <symbol><title>SPROUT</title></symbol>
        <symbol><title>RAIN</title></symbol>
        <symbol><title>SUN</title></symbol>
    </docText>
  </document>
  <document type="" group="1">
    <description>---</description>
    <docText>
        <symbol><title>BARLEY</title></symbol>
        <symbol><title>FOUR</title></symbol>
        <symbol><title>RAIN</title></symbol>
        <symbol><title>SUN</title></symbol>
    </docText>
  </document>
  <document type="" group="1">
    <description>---</description>
    <docText>
        <symbol><title>BARLEY</title></symbol>
        <symbol><title>FOUR</title></symbol>
        <symbol><title>SMALLONE</title></symbol>
        <symbol><title>REVERSEMANWITHANKLEWEIGHT</title></symbol>
    </docText>
  </document>
  <document type="" group="1">
    <description>---</description>
    <docText>
        <symbol><title>FISHENCLOSED</title></symbol>
        <symbol><title>BIGTWO</title></symbol>
        <symbol><title>ROUNDCRAB</title></symbol>
        <symbol><title>TWOINTREE</title></symbol>
        <symbol><title>SMALLLINEBIGLINE</title></symbol>
        <symbol><title>CRESCENTMOON</title></symbol>
    </docText>
  </document>
  <document type="" group="1">
    <description>---</description>
    <docText>
        <symbol><title>TREE</title></symbol>
        <symbol><title>CAPPEDONE</title></symbol>
        <symbol><title>CAPPEDONE</title></symbol>
    </docText>
  </document>
  <document type="" group="1">
    <description>---</description>
    <docText>
        <symbol><title>TREE</title></symbol>
        <symbol><title>SEED</title></symbol>
        <symbol><title>ANGLEBUILDING</title></symbol>
        <symbol><title>BIGONE</title></symbol>
    </docText>
  </document>
  <document type="" group="1">
    <description>---</description>
    <docText>
        <symbol><title>TWISTEDGUY</title></symbol>
        <symbol><title>ODDANGLEBUILDING</title></symbol>
        <symbol><title>FOURBUILDINGWITHDOTS</title></symbol>
        <symbol><title>SMALLLINEBIGLINE</title></symbol>
        <symbol><title>SUN</title></symbol>
    </docText>
  </document>
  <document type="" group="1">
    <description>---</description>
    <docText>
        <symbol><title>BARLEY</title></symbol>
        <symbol><title>BANGLESPLUS</title></symbol>
        <symbol><title>HARVESTERHAYSTACK</title></symbol>
        <symbol><title>TREE</title></symbol>
        <symbol><title>SINGLEBRACKET</title></symbol>
        <symbol><title>CRESCENTMOON</title></symbol>
        <symbol><title>THREE</title></symbol>
        <symbol><title>FISHLINE</title></symbol>
        <symbol><title>SPROUT</title></symbol>
        <symbol><title>RAIN</title></symbol>
        <symbol><title>SEED</title></symbol>
        <symbol><title>DOUBLEARROW</title></symbol>
        <symbol><title>SEEDBAG</title></symbol>
    </docText>
  </document>
  <document type="" group="1">
    <description>---</description>
    <docText>
        <symbol><title>TREE</title></symbol>
        <symbol><title>BARLEY</title></symbol>
        <symbol><title>SHOVEL</title></symbol>
        <symbol><title>FISH</title></symbol>
        <symbol><title>BIGTWO</title></symbol>
        <symbol><title>SPROUT</title></symbol>
    </docText>
  </document>
  <document type="" group="1">
    <description>---</description>
    <docText>
        <symbol><title>XWITHFLATROOF</title></symbol>
        <symbol><title>TREE</title></symbol>
        <symbol><title>SHOVEL</title></symbol>
        <symbol><title>SEVEN</title></symbol>
        <symbol><title>CARP</title></symbol>
        <symbol><title>SPROUT</title></symbol>
        <symbol><title>RAIN</title></symbol>
        <symbol><title>BUTTERFLY</title></symbol>
    </docText>
  </document>
  <document type="" group="1">
    <description>---</description>
    <docText>
        <symbol><title>TREE</title></symbol>
        <symbol><title>BLOSSOMTREE</title></symbol>
        <symbol><title>SMALLONE</title></symbol>
        <symbol><title>THREE</title></symbol>
        <symbol><title>MORTAR</title></symbol>
    </docText>
  </document>
  <document type="" group="1">
    <description>---</description>
    <docText>
        <symbol><title>SPADE</title></symbol>
        <symbol><title>FISH</title></symbol>
        <symbol><title>RAKE</title></symbol>
        <symbol><title>ROUNDCRAB</title></symbol>
    </docText>
  </document>
  <document type="" group="1">
    <description>---</description>
    <docText>
        <symbol><title>DOUBLECRABSIXLEGS</title></symbol>
        <symbol><title>HARROW</title></symbol>
        <symbol><title>FISHLINE</title></symbol>
        <symbol><title>DOTINCIRCLE</title></symbol>
        <symbol><title>DOUBLEBRACKETS</title></symbol>
        <symbol><title>CARPPLUS</title></symbol>
        <symbol><title>HARROW</title></symbol>
        <symbol><title>FISHWITHHAT</title></symbol>
        <symbol><title>SMALLLINEBIGLINE</title></symbol>
        <symbol><title>SQUARECRAB</title></symbol>
    </docText>
  </document>
  <document type="" group="1">
    <description>---</description>
    <docText>
        <symbol><title>TREE</title></symbol>
        <symbol><title>BLOSSOMTREE</title></symbol>
        <symbol><title>TWELVE</title></symbol>
        <symbol><title>FISHLINE</title></symbol>
    </docText>
  </document>
  <document type="" group="1">
    <description>---</description>
    <docText>
        <symbol><title>TREE</title></symbol>
        <symbol><title>CRESCENTMOON</title></symbol>
        <symbol><title>BED</title></symbol>
    </docText>
  </document>
  <document type="" group="1">
    <description>---</description>
    <docText>
        <symbol><title>TREE</title></symbol>
        <symbol><title>TWELVE</title></symbol>
        <symbol><title>THREE</title></symbol>
        <symbol><title>MORTAR</title></symbol>
        <symbol><title>FISHHAT</title></symbol>
    </docText>
  </document>
  <document type="" group="1">
    <description>---</description>
    <docText>
        <symbol><title>FIELD</title></symbol>
        <symbol><title>FIELD</title></symbol>
        <symbol><title>MANWITHSTICK</title></symbol>
        <symbol><title>TRIANGLETHREE</title></symbol>
        <symbol><title>SUN</title></symbol>
    </docText>
  </document>
  <document type="" group="1">
    <description>---</description>
    <docText>
        <symbol><title>FIELD</title></symbol>
        <symbol><title>FIELD</title></symbol>
        <symbol><title>FLATCRAB</title></symbol>
        <symbol><title>THREE</title></symbol>
    </docText>
  </document>
  <document type="" group="1">
    <description>---</description>
    <docText>
        <symbol><title>RHINOHORN</title></symbol>
        <symbol><title>FIELD</title></symbol>
        <symbol><title>REVERSECAPTIVE</title></symbol>
        <symbol><title>GODINTREE</title></symbol>
        <symbol><title>SMALLONE</title></symbol>
        <symbol><title>THREE</title></symbol>
        <symbol><title>SPIKEHUT</title></symbol>
    </docText>
  </document>
  <document type="" group="1">
    <description>---</description>
    <docText>
        <symbol><title>BARLEY</title></symbol>
        <symbol><title>FORK</title></symbol>
        <symbol><title>SPADE</title></symbol>
        <symbol><title>MANWITHARMUP</title></symbol>
    </docText>
  </document>
  <document type="" group="1">
    <description>---</description>
    <docText>
        <symbol><title>BARLEY</title></symbol>
        <symbol><title>FIVE</title></symbol>
    </docText>
  </document>
  <document type="" group="1">
    <description>---</description>
    <docText>
        <symbol><title>TREE</title></symbol>
        <symbol><title>CLOSEDDOUBLEBRACKETS</title></symbol>
        <symbol><title>CARP</title></symbol>
        <symbol><title>FISHHAT</title></symbol>
        <symbol><title>SPROUT</title></symbol>
    </docText>
  </document>
  <document type="" group="1">
    <description>---</description>
    <docText>
        <symbol><title>TREE</title></symbol>
        <symbol><title>CLOSEDDOUBLEBRACKETS</title></symbol>
        <symbol><title>FISHHAT</title></symbol>
        <symbol><title>TWOINTREE</title></symbol>
        <symbol><title>HEART</title></symbol>
    </docText>
  </document>
  <document type="" group="1">
    <description>---</description>
    <docText>
        <symbol><title>BARLEY</title></symbol>
        <symbol><title>LINESTICK</title></symbol>
        <symbol><title>RAIN</title></symbol>
        <symbol><title>ROUNDSEED</title></symbol>
    </docText>
  </document>
  <document type="" group="1">
    <description>---</description>
    <docText>
        <symbol><title>THREEBARLEY</title></symbol>
        <symbol><title>TREE</title></symbol>
        <symbol><title>SPROUT</title></symbol>
    </docText>
  </document>
  <document type="" group="1">
    <description>---</description>
    <docText>
        <symbol><title>FISH</title></symbol>
        <symbol><title>GHARIAL</title></symbol>
    </docText>
  </document>
  <document type="" group="1">
    <description>---</description>
    <docText>
        <symbol><title>GRAIN2</title></symbol>
        <symbol><title>BANGLES</title></symbol>
        <symbol><title>LINEFISH</title></symbol>
        <symbol><title>CARP</title></symbol>
        <symbol><title>TWOINTREE</title></symbol>
        <symbol><title>THREE</title></symbol>
        <symbol><title>ILLEGIBLE</title></symbol>
    </docText>
  </document>
  <document type="" group="1">
    <description>---</description>
    <docText>
        <symbol><title>BIGONE</title></symbol>
        <symbol><title>SQUARE</title></symbol>
        <symbol><title>GUARD</title></symbol>
        <symbol><title>FISH</title></symbol>
        <symbol><title>RAKE</title></symbol>
    </docText>
  </document>
  <document type="" group="1">
    <description>---</description>
    <docText>
        <symbol><title>RAKE</title></symbol>
        <symbol><title>ROUNDCRAB</title></symbol>
        <symbol><title>RAIN</title></symbol>
        <symbol><title>RICE</title></symbol>
        <symbol><title>FOUR</title></symbol>
    </docText>
  </document>
  <document type="" group="1">
    <description>---</description>
    <docText>
        <symbol><title>FISH</title></symbol>
        <symbol><title>THREEBRANCHEDPLANT</title></symbol>
        <symbol><title>SQUIRREL</title></symbol>
    </docText>
  </document>
  <document type="" group="1">
    <description>---</description>
    <docText>
        <symbol><title>BARLEY</title></symbol>
        <symbol><title>FOUR</title></symbol>
        <symbol><title>SMALLONE</title></symbol>
        <symbol><title>THREEINTREE</title></symbol>
        <symbol><title>FLATCRABPLUSCIRCLE</title></symbol>
        <symbol><title>HEARTHFIRE</title></symbol>
        <symbol><title>HEARTHFIRE</title></symbol>
    </docText>
  </document>
  <document type="" group="1">
    <description>---</description>
    <docText>
        <symbol><title>TREE</title></symbol>
        <symbol><title>GODINTREE</title></symbol>
        <symbol><title>SQUAREROOFEDTREFOIL</title></symbol>
        <symbol><title>SMALLONE</title></symbol>
        <symbol><title>SUN</title></symbol>
    </docText>
  </document>
  <document type="" group="1">
    <description>---</description>
    <docText>
        <symbol><title>TREE</title></symbol>
        <symbol><title>TWELVE</title></symbol>
        <symbol><title>CARP</title></symbol>
        <symbol><title>FISH</title></symbol>
        <symbol><title>BIGTWO</title></symbol>
        <symbol><title>SPROUT</title></symbol>
    </docText>
  </document>
  <document type="" group="1">
    <description>---</description>
    <docText>
        <symbol><title>TREE</title></symbol>
        <symbol><title>ODDANGLEBUILDING</title></symbol>
        <symbol><title>FISHLINE</title></symbol>
        <symbol><title>FISHHAT</title></symbol>
        <symbol><title>TWELVE</title></symbol>
    </docText>
  </document>
  <document type="" group="1">
    <description>---</description>
    <docText>
        <symbol><title>DOUBLERAKE</title></symbol>
        <symbol><title>SMALLONE</title></symbol>
        <symbol><title>TREE</title></symbol>
        <symbol><title>BLOSSOMTREE</title></symbol>
        <symbol><title>CAPTIVE</title></symbol>
        <symbol><title>RAIN</title></symbol>
        <symbol><title>SEED</title></symbol>
    </docText>
  </document>
  <document type="" group="1">
    <description>---</description>
    <docText>
        <symbol><title>TREE</title></symbol>
        <symbol><title>TREFOIL</title></symbol>
        <symbol><title>CAPTIVE</title></symbol>
        <symbol><title>RAIN</title></symbol>
        <symbol><title>ROUNDSEED</title></symbol>
    </docText>
  </document>
  <document type="" group="1">
    <description>---</description>
    <docText>
        <symbol><title>SPADE</title></symbol>
        <symbol><title>THREE</title></symbol>
        <symbol><title>MORTAR</title></symbol>
        <symbol><title>CARP</title></symbol>
        <symbol><title>FISHHAT</title></symbol>
    </docText>
  </document>
  <document type="" group="1">
    <description>---</description>
    <docText>
        <symbol><title>WATERTREE</title></symbol>
        <symbol><title>FLYINGPIPAL</title></symbol>
        <symbol><title>SEEDBAG</title></symbol>
        <symbol><title>MORTAR</title></symbol>
    </docText>
  </document>
  <document type="" group="1">
    <description>---</description>
    <docText>
        <symbol><title>HARVESTER</title></symbol>
        <symbol><title>SQUAREROOFEDTREFOIL</title></symbol>
        <symbol><title>FULCRUM</title></symbol>
        <symbol><title>VHUT</title></symbol>
        <symbol><title>ANGLEBUILDING</title></symbol>
        <symbol><title>CRESCENTMOON</title></symbol>
        <symbol><title>GUARD</title></symbol>
    </docText>
  </document>
  <document type="" group="1">
    <description>---</description>
    <docText>
        <symbol><title>SPADE</title></symbol>
        <symbol><title>BRANCHMAN</title></symbol>
        <symbol><title>TWISTWITHHOLE</title></symbol>
        <symbol><title>TWOINTREE</title></symbol>
        <symbol><title>FIELD</title></symbol>
        <symbol><title>TWISTWITHHOLE2</title></symbol>
    </docText>
  </document>
  <document type="" group="1">
    <description>---</description>
    <docText>
        <symbol><title>TREE</title></symbol>
        <symbol><title>TWELVE</title></symbol>
        <symbol><title>RAIN</title></symbol>
        <symbol><title>SEED</title></symbol>
        <symbol><title>CLOSEDH</title></symbol>
    </docText>
  </document>
  <document type="" group="1">
    <description>---</description>
    <docText>
        <symbol><title>WAITER</title></symbol>
        <symbol><title>BIGTWO</title></symbol>
        <symbol><title>DOUBLEBRACKETWITHLEAF</title></symbol>
    </docText>
  </document>
  <document type="" group="1">
    <description>---</description>
    <docText>
        <symbol><title>TREE</title></symbol>
        <symbol><title>BLOSSOMTREE</title></symbol>
        <symbol><title>CROOK</title></symbol>
        <symbol><title>FISH</title></symbol>
        <symbol><title>BIGTWO</title></symbol>
        <symbol><title>ROUNDCRAB</title></symbol>
    </docText>
  </document>
  <document type="" group="1">
    <description>---</description>
    <docText>
        <symbol><title>ABSTRACTWATERCARRIER</title></symbol>
        <symbol><title>CROSSSTITCHEDFISHHAT</title></symbol>
        <symbol><title>SMALLONE</title></symbol>
        <symbol><title>TREE</title></symbol>
        <symbol><title>BED</title></symbol>
    </docText>
  </document>
  <document type="" group="1">
    <description>---</description>
    <docText>
        <symbol><title>DOUBLEBRACKETWITHLEAF</title></symbol>
        <symbol><title>BIGTWO</title></symbol>
    </docText>
  </document>
  <document type="" group="1">
    <description>---</description>
    <docText>
        <symbol><title>ILLEGIBLE</title></symbol>
        <symbol><title>MANWITHANKLEWEIGHT</title></symbol>
        <symbol><title>SMALLLINEBIGLINE</title></symbol>
        <symbol><title>INFINITY</title></symbol>
        <symbol><title>MORTAR</title></symbol>
    </docText>
  </document>
  <document type="" group="1">
    <description>---</description>
    <docText>
        <symbol><title>ILLEGIBLE</title></symbol>
        <symbol><title>CRABMANYFEET</title></symbol>
        <symbol><title>GUARD</title></symbol>
        <symbol><title>BANGLES</title></symbol>
    </docText>
  </document>
  <document type="" group="1">
    <description>---</description>
    <docText>
        <symbol><title>ILLEGIBLE</title></symbol>
        <symbol><title>WASHBOARD</title></symbol>
        <symbol><title>SUN</title></symbol>
        <symbol><title>MORTAR</title></symbol>
    </docText>
  </document>
  <document type="" group="1">
    <description>---</description>
    <docText>
        <symbol><title>BARLEY</title></symbol>
        <symbol><title>BANGLESPLUS</title></symbol>
        <symbol><title>FISH</title></symbol>
        <symbol><title>RAKE</title></symbol>
        <symbol><title>ROUNDCRAB</title></symbol>
        <symbol><title>ILLEGIBLE</title></symbol>
    </docText>
  </document>
  <document type="" group="1">
    <description>---</description>
    <docText>
        <symbol><title>WASHBOARDTWIST</title></symbol>
        <symbol><title>FLATCRAB</title></symbol>
        <symbol><title>THREE</title></symbol>
        <symbol><title>MORTAR</title></symbol>
        <symbol><title>FISHLINE</title></symbol>
        <symbol><title>RAIN</title></symbol>
        <symbol><title>ROUNDSEED</title></symbol>
    </docText>
  </document>
  <document type="" group="1">
    <description>---</description>
    <docText>
        <symbol><title>FIELD</title></symbol>
        <symbol><title>FIELD</title></symbol>
        <symbol><title>MANWITHSTICK</title></symbol>
        <symbol><title>SMALLONE</title></symbol>
        <symbol><title>THREEINTREE</title></symbol>
        <symbol><title>ILLEGIBLE</title></symbol>
    </docText>
  </document>
  <document type="" group="1">
    <description>---</description>
    <docText>
        <symbol><title>HARVESTER</title></symbol>
        <symbol><title>ABSTRACTWATERCARRIER</title></symbol>
        <symbol><title>FOURSEED</title></symbol>
    </docText>
  </document>
  <document type="" group="1">
    <description>---</description>
    <docText>
        <symbol><title>TREE</title></symbol>
        <symbol><title>BARLEY</title></symbol>
        <symbol><title>SHOVEL</title></symbol>
        <symbol><title>SPROUT</title></symbol>
        <symbol><title>RAIN</title></symbol>
        <symbol><title>SUN</title></symbol>
    </docText>
  </document>
  <document type="" group="1">
    <description>---</description>
    <docText>
        <symbol><title>TREE</title></symbol>
        <symbol><title>MOUNTAINS</title></symbol>
        <symbol><title>FULCRUM</title></symbol>
    </docText>
  </document>
  <document type="" group="1">
    <description>---</description>
    <docText>
        <symbol><title>TREE</title></symbol>
        <symbol><title>BIGTWO</title></symbol>
        <symbol><title>TWELVE</title></symbol>
        <symbol><title>SMALLONE</title></symbol>
        <symbol><title>BARLEY</title></symbol>
        <symbol><title>FOUR</title></symbol>
    </docText>
  </document>
  <document type="" group="1">
    <description>---</description>
    <docText>
        <symbol><title>BIGTWO</title></symbol>
        <symbol><title>SUN</title></symbol>
        <symbol><title>FOURSEED</title></symbol>
    </docText>
  </document>
  <document type="" group="1">
    <description>---</description>
    <docText>
        <symbol><title>BARLEY</title></symbol>
        <symbol><title>FOUR</title></symbol>
        <symbol><title>SMALLONE</title></symbol>
        <symbol><title>TREE</title></symbol>
        <symbol><title>BARLEY</title></symbol>
        <symbol><title>SHOVEL</title></symbol>
        <symbol><title>FISHHAT</title></symbol>
    </docText>
  </document>
  <document type="" group="1">
    <description>---</description>
    <docText>
        <symbol><title>SPADE</title></symbol>
        <symbol><title>HARVESTER</title></symbol>
        <symbol><title>RICE</title></symbol>
        <symbol><title>RAIN</title></symbol>
        <symbol><title>ROUNDSEED</title></symbol>
    </docText>
  </document>
  <document type="" group="1">
    <description>---</description>
    <docText>
        <symbol><title>HARVESTER</title></symbol>
        <symbol><title>SUNINTREE</title></symbol>
        <symbol><title>FISH</title></symbol>
    </docText>
  </document>
  <document type="" group="1">
    <description>---</description>
    <docText>
        <symbol><title>LINEINCIRCLE</title></symbol>
        <symbol><title>PEASIGN</title></symbol>
    </docText>
  </document>
  <document type="" group="1">
    <description>---</description>
    <docText>
        <symbol><title>BARLEY</title></symbol>
        <symbol><title>SIX</title></symbol>
        <symbol><title>SMALLONE</title></symbol>
        <symbol><title>TREE</title></symbol>
        <symbol><title>CLOSEDDOUBLEBRACKETS</title></symbol>
    </docText>
  </document>
  <document type="" group="1">
    <description>---</description>
    <docText>
        <symbol><title>FIELD</title></symbol>
        <symbol><title>FIELD</title></symbol>
        <symbol><title>MANWITHSTICK</title></symbol>
        <symbol><title>CARP</title></symbol>
    </docText>
  </document>
  <document type="" group="1">
    <description>---</description>
    <docText>
        <symbol><title>MANWITHTWOBOWS</title></symbol>
        <symbol><title>HEART</title></symbol>
        <symbol><title>HEART</title></symbol>
        <symbol><title>FURROWS</title></symbol>
        <symbol><title>SHOVEL</title></symbol>
        <symbol><title>BIGTWO</title></symbol>
        <symbol><title>ODDCRESCENTMOON</title></symbol>
        <symbol><title>THREE</title></symbol>
    </docText>
  </document>
  <document type="" group="1">
    <description>---</description>
    <docText>
        <symbol><title>WATERTREE</title></symbol>
        <symbol><title>PIPAL</title></symbol>
    </docText>
  </document>
  <document type="" group="1">
    <description>---</description>
    <docText>
        <symbol><title>TREE</title></symbol>
        <symbol><title>MOUNTAINS</title></symbol>
        <symbol><title>FULCRUM</title></symbol>
        <symbol><title>RAIN</title></symbol>
        <symbol><title>SUNINBUILDING</title></symbol>
    </docText>
  </document>
  <document type="" group="1">
    <description>---</description>
    <docText>
        <symbol><title>ROUNDCRAB</title></symbol>
        <symbol><title>SPROUT</title></symbol>
        <symbol><title>RAIN</title></symbol>
        <symbol><title>DOUBLEBRACKET</title></symbol>
        <symbol><title>QUADRIPED</title></symbol>
    </docText>
  </document>
  <document type="" group="1">
    <description>---</description>
    <docText>
        <symbol><title>WASHBOARDTWIST</title></symbol>
        <symbol><title>FLATCRABPLUSBOTTOM</title></symbol>
        <symbol><title>FISHDOT</title></symbol>
        <symbol><title>CARP</title></symbol>
        <symbol><title>ROUNDCRAB</title></symbol>
    </docText>
  </document>
  <document type="" group="1">
    <description>---</description>
    <docText>
        <symbol><title>SPIKEHUT</title></symbol>
        <symbol><title>THREE</title></symbol>
        <symbol><title>RHINOHORN</title></symbol>
    </docText>
  </document>
  <document type="" group="1">
    <description>---</description>
    <docText>
        <symbol><title>TREE</title></symbol>
        <symbol><title>ROUNDCRAB</title></symbol>
        <symbol><title>BARLEY</title></symbol>
        <symbol><title>SHOVEL</title></symbol>
        <symbol><title>THREE</title></symbol>
        <symbol><title>MORTAR</title></symbol>
        <symbol><title>SPROUT</title></symbol>
    </docText>
  </document>
  <document type="" group="1">
    <description>---</description>
    <docText>
        <symbol><title>FIELD</title></symbol>
        <symbol><title>MANWITHSTICK</title></symbol>
        <symbol><title>SMALLONE</title></symbol>
        <symbol><title>FISH</title></symbol>
        <symbol><title>TREFOIL</title></symbol>
        <symbol><title>SUN</title></symbol>
    </docText>
  </document>
  <document type="" group="1">
    <description>---</description>
    <docText>
        <symbol><title>HARVESTER</title></symbol>
        <symbol><title>BIGTWO</title></symbol>
        <symbol><title>ILLEGIBLE</title></symbol>
        <symbol><title>GUARD</title></symbol>
    </docText>
  </document>
  <document type="" group="1">
    <description>---</description>
    <docText>
        <symbol><title>SIX</title></symbol>
        <symbol><title>RAIN</title></symbol>
        <symbol><title>WASHBOARD</title></symbol>
        <symbol><title>BED</title></symbol>
        <symbol><title>HARROW</title></symbol>
    </docText>
  </document>
  <document type="" group="1">
    <description>---</description>
    <docText>
        <symbol><title>BARLEY</title></symbol>
        <symbol><title>STICKLINE</title></symbol>
        <symbol><title>TREE</title></symbol>
        <symbol><title>FISHHAT</title></symbol>
        <symbol><title>FISH</title></symbol>
        <symbol><title>BIGONE</title></symbol>
        <symbol><title>RAIN</title></symbol>
        <symbol><title>SEED</title></symbol>
        <symbol><title>BIRD</title></symbol>
        <symbol><title>INFINITY</title></symbol>
    </docText>
  </document>
  <document type="" group="1">
    <description>---</description>
    <docText>
        <symbol><title>BARLEY</title></symbol>
        <symbol><title>BIGTWO</title></symbol>
        <symbol><title>BANGLESPLUS</title></symbol>
        <symbol><title>THREE</title></symbol>
        <symbol><title>MORTAR</title></symbol>
        <symbol><title>FISHDOT</title></symbol>
        <symbol><title>SPROUT</title></symbol>
        <symbol><title>RAIN</title></symbol>
        <symbol><title>WASHBOARD</title></symbol>
        <symbol><title>SQUARESEED</title></symbol>
        <symbol><title>JOLLYGIANT</title></symbol>
        <symbol><title>SEEDBAG</title></symbol>
    </docText>
  </document>
  <document type="" group="1">
    <description>---</description>
    <docText>
        <symbol><title>TREE</title></symbol>
        <symbol><title>BIGTWO</title></symbol>
        <symbol><title>BANGLES</title></symbol>
        <symbol><title>FISHDOT</title></symbol>
        <symbol><title>CARP</title></symbol>
        <symbol><title>THREE</title></symbol>
        <symbol><title>MORTAR</title></symbol>
        <symbol><title>TWELVE</title></symbol>
        <symbol><title>RAIN</title></symbol>
        <symbol><title>WASHBOARD</title></symbol>
        <symbol><title>HEARTHNOFIRE</title></symbol>
        <symbol><title>BIGCARP</title></symbol>
        <symbol><title>ILLEGIBLE</title></symbol>
    </docText>
  </document>
  <document type="" group="1">
    <description>---</description>
    <docText>
        <symbol><title>WATERTREE</title></symbol>
        <symbol><title>SPROUT</title></symbol>
        <symbol><title>ARDPLUS</title></symbol>
        <symbol><title>BARLEY</title></symbol>
        <symbol><title>BANGLESPLUS</title></symbol>
        <symbol><title>TREE</title></symbol>
        <symbol><title>FISHLINE</title></symbol>
        <symbol><title>FISHDOT</title></symbol>
        <symbol><title>ROUNDCRAB</title></symbol>
    </docText>
  </document>
  <document type="" group="1">
    <description>---</description>
    <docText>
        <symbol><title>TREE</title></symbol>
        <symbol><title>FLATCRABTOPPLUS</title></symbol>
        <symbol><title>FISH</title></symbol>
        <symbol><title>RAKE</title></symbol>
        <symbol><title>ROUNDCRAB</title></symbol>
        <symbol><title>SMALLLINEBIGLINE</title></symbol>
        <symbol><title>CLOSEDCROSS</title></symbol>
    </docText>
  </document>
  <document type="" group="1">
    <description>---</description>
    <docText>
        <symbol><title>TREE</title></symbol>
        <symbol><title>BARLEY</title></symbol>
        <symbol><title>SHOVEL</title></symbol>
        <symbol><title>FISH</title></symbol>
        <symbol><title>THREE</title></symbol>
        <symbol><title>RAIN</title></symbol>
        <symbol><title>SEED</title></symbol>
    </docText>
  </document>
  <document type="" group="1">
    <description>---</description>
    <docText>
        <symbol><title>TREE</title></symbol>
        <symbol><title>BARLEYPLUSDOUBLERAKE</title></symbol>
        <symbol><title>FISHDOT</title></symbol>
        <symbol><title>SPROUT</title></symbol>
        <symbol><title>RAIN</title></symbol>
        <symbol><title>SEED</title></symbol>
    </docText>
  </document>
  <document type="" group="1">
    <description>---</description>
    <docText>
        <symbol><title>BARLEY</title></symbol>
        <symbol><title>HEARTHFIRE</title></symbol>
        <symbol><title>THREE</title></symbol>
        <symbol><title>MORTAR</title></symbol>
        <symbol><title>FISH</title></symbol>
        <symbol><title>ILLEGIBLE</title></symbol>
    </docText>
  </document>
  <document type="" group="1">
    <description>---</description>
    <docText>
        <symbol><title>TREE</title></symbol>
        <symbol><title>CROOKPLUS</title></symbol>
        <symbol><title>FLYINGPIPAL</title></symbol>
        <symbol><title>THREE</title></symbol>
        <symbol><title>MORTAR</title></symbol>
        <symbol><title>FISHLINE</title></symbol>
        <symbol><title>RAIN</title></symbol>
        <symbol><title>ROUNDSEED</title></symbol>
    </docText>
  </document>
  <document type="" group="1">
    <description>---</description>
    <docText>
        <symbol><title>HORSELEAF</title></symbol>
        <symbol><title>SEED</title></symbol>
        <symbol><title>FULCRUM</title></symbol>
    </docText>
  </document>
  <document type="" group="1">
    <description>---</description>
    <docText>
        <symbol><title>TREE</title></symbol>
        <symbol><title>PIPAL</title></symbol>
        <symbol><title>BIGTWO</title></symbol>
        <symbol><title>RAIN</title></symbol>
        <symbol><title>ROUNDSEED</title></symbol>
    </docText>
  </document>
  <document type="" group="1">
    <description>---</description>
    <docText>
        <symbol><title>BARLEY</title></symbol>
        <symbol><title>BIGTWO</title></symbol>
        <symbol><title>SINGLEBRACKET</title></symbol>
        <symbol><title>THREE</title></symbol>
        <symbol><title>BRANCHMAN</title></symbol>
        <symbol><title>RAIN</title></symbol>
        <symbol><title>FISHLINE</title></symbol>
        <symbol><title>FISHHAT</title></symbol>
    </docText>
  </document>
  <document type="" group="1">
    <description>---</description>
    <docText>
        <symbol><title>TREE</title></symbol>
        <symbol><title>BIRDEGG</title></symbol>
        <symbol><title>BIRDEMBRYO</title></symbol>
        <symbol><title>SPERMEGG</title></symbol>
        <symbol><title>SMALLLINEBIGLINEE</title></symbol>
        <symbol><title>CLOSEDCROSS</title></symbol>
    </docText>
  </document>
  <document type="" group="1">
    <description>---</description>
    <docText>
        <symbol><title>WATERTREE</title></symbol>
        <symbol><title>SPROUT</title></symbol>
        <symbol><title>ARDPLUS</title></symbol>
        <symbol><title>TREE</title></symbol>
        <symbol><title>FOURSEED</title></symbol>
        <symbol><title>BIGTWO</title></symbol>
    </docText>
  </document>
  <document type="" group="1">
    <description>---</description>
    <docText>
        <symbol><title>BIGONEPLUSEIGHT</title></symbol>
        <symbol><title>BOWANDARROW</title></symbol>
        <symbol><title>CRABMANYFEET</title></symbol>
    </docText>
  </document>
  <document type="" group="1">
    <description>---</description>
    <docText>
        <symbol><title>ILLEGIBLE</title></symbol>
        <symbol><title>ROUNDCRAB</title></symbol>
        <symbol><title>SPROUT</title></symbol>
        <symbol><title>SMALLONE</title></symbol>
        <symbol><title>CRESCENTMOONCROSSED</title></symbol>
    </docText>
  </document>
  <document type="" group="1">
    <description>---</description>
    <docText>
        <symbol><title>WATERTREE</title></symbol>
        <symbol><title>SPROUT</title></symbol>
        <symbol><title>ARDPLUS</title></symbol>
        <symbol><title>BIGONE</title></symbol>
    </docText>
  </document>
  <document type="" group="1">
    <description>---</description>
    <docText>
        <symbol><title>TREE</title></symbol>
        <symbol><title>BANGLES</title></symbol>
        <symbol><title>TRIANGLETHREE</title></symbol>
    </docText>
  </document>
  <document type="" group="1">
    <description>---</description>
    <docText>
        <symbol><title>SPADE</title></symbol>
        <symbol><title>CARP</title></symbol>
        <symbol><title>FISHHAT</title></symbol>
    </docText>
  </document>
  <document type="" group="1">
    <description>---</description>
    <docText>
        <symbol><title>BARLEY</title></symbol>
        <symbol><title>STICKLINE</title></symbol>
        <symbol><title>THREE</title></symbol>
        <symbol><title>MORTAR</title></symbol>
        <symbol><title>BIGCARP</title></symbol>
        <symbol><title>HARROW</title></symbol>
        <symbol><title>FISH</title></symbol>
        <symbol><title>RAIN</title></symbol>
        <symbol><title>SUN</title></symbol>
    </docText>
  </document>
  <document type="" group="1">
    <description>---</description>
    <docText>
        <symbol><title>FORK</title></symbol>
        <symbol><title>TREE</title></symbol>
        <symbol><title>CRESCENTMOON</title></symbol>
        <symbol><title>CRESCENTMOON</title></symbol>
        <symbol><title>CRESCENTMOON</title></symbol>
    </docText>
  </document>
  <document type="" group="1">
    <description>---</description>
    <docText>
        <symbol><title>BARLEY</title></symbol>
        <symbol><title>SEVEN</title></symbol>
        <symbol><title>SMALLLINEBIGLINE</title></symbol>
        <symbol><title>CRABMANYFEET</title></symbol>
    </docText>
  </document>
  <document type="" group="1">
    <description>---</description>
    <docText>
        <symbol><title>WATERTREE</title></symbol>
        <symbol><title>SPROUT</title></symbol>
        <symbol><title>ARDPLUS</title></symbol>
    </docText>
  </document>
  <document type="" group="1">
    <description>---</description>
    <docText>
        <symbol><title>YSHAPE</title></symbol>
        <symbol><title>MORTAR</title></symbol>
        <symbol><title>GUARD</title></symbol>
    </docText>
  </document>
  <document type="" group="1">
    <description>---</description>
    <docText>
        <symbol><title>WATERTREE</title></symbol>
        <symbol><title>SPROUT</title></symbol>
        <symbol><title>ARDPLUS</title></symbol>
        <symbol><title>TRIANGLETHREE</title></symbol>
        <symbol><title>ROUNDSEED</title></symbol>
    </docText>
  </document>
  <document type="" group="1">
    <description>---</description>
    <docText>
        <symbol><title>TREE</title></symbol>
        <symbol><title>CAPTIVE</title></symbol>
        <symbol><title>SMALLONE</title></symbol>
        <symbol><title>HORSELEAF</title></symbol>
        <symbol><title>SEED</title></symbol>
        <symbol><title>STRINGBEANS</title></symbol>
    </docText>
  </document>
  <document type="" group="1">
    <description>---</description>
    <docText>
        <symbol><title>TREE</title></symbol>
        <symbol><title>SEVEN</title></symbol>
    </docText>
  </document>
  <document type="" group="1">
    <description>---</description>
    <docText>
        <symbol><title>WATERTREE</title></symbol>
        <symbol><title>FIELD</title></symbol>
        <symbol><title>FULCRUM</title></symbol>
    </docText>
  </document>
  <document type="" group="1">
    <description>---</description>
    <docText>
        <symbol><title>WATERTREE</title></symbol>
        <symbol><title>SPROUT</title></symbol>
        <symbol><title>ARDPLUS</title></symbol>
        <symbol><title>TREE</title></symbol>
        <symbol><title>BARLEY</title></symbol>
        <symbol><title>SHOVEL</title></symbol>
    </docText>
  </document>
  <document type="" group="1">
    <description>---</description>
    <docText>
        <symbol><title>HARVESTER</title></symbol>
        <symbol><title>WATERTREE</title></symbol>
        <symbol><title>SPROUT</title></symbol>
        <symbol><title>ARDPLUS</title></symbol>
    </docText>
  </document>
  <document type="" group="1">
    <description>---</description>
    <docText>
        <symbol><title>TREE</title></symbol>
        <symbol><title>BLOSSOMTREE</title></symbol>
        <symbol><title>BRANCHMAN</title></symbol>
        <symbol><title>REVERSECRESCENT</title></symbol>
        <symbol><title>HSHAPE</title></symbol>
        <symbol><title>FISHLINE</title></symbol>
    </docText>
  </document>
  <document type="" group="1">
    <description>---</description>
    <docText>
        <symbol><title>FURROWS</title></symbol>
        <symbol><title>RICE</title></symbol>
        <symbol><title>INFINITY</title></symbol>
        <symbol><title>SQUAREPLUSTWOLINES</title></symbol>
    </docText>
  </document>
  <document type="" group="1">
    <description>---</description>
    <docText>
        <symbol><title>BARLEY</title></symbol>
        <symbol><title>ILLEGIBLE</title></symbol>
        <symbol><title>MORTAR</title></symbol>
        <symbol><title>DOTINCIRCLE</title></symbol>
        <symbol><title>DOUBLEBRACKETS</title></symbol>
        <symbol><title>BANGLESPLUS</title></symbol>
        <symbol><title>FISHHAT</title></symbol>
        <symbol><title>RAIN</title></symbol>
        <symbol><title>SEEDBAG</title></symbol>
        <symbol><title>TREE</title></symbol>
    </docText>
  </document>
  <document type="" group="1">
    <description>---</description>
    <docText>
        <symbol><title>BARLEY</title></symbol>
        <symbol><title>STICKLINE</title></symbol>
        <symbol><title>TREE</title></symbol>
        <symbol><title>GODINTREE</title></symbol>
        <symbol><title>FULCRUM</title></symbol>
        <symbol><title>MORTAR</title></symbol>
        <symbol><title>ILLEGIBLE</title></symbol>
    </docText>
  </document>
  <document type="" group="1">
    <description>---</description>
    <docText>
        <symbol><title>SMALLONE</title></symbol>
        <symbol><title>FURROWS</title></symbol>
        <symbol><title>RICE</title></symbol>
        <symbol><title>JOLLYGIANT</title></symbol>
        <symbol><title>SQUARESEED</title></symbol>
        <symbol><title>THREE</title></symbol>
    </docText>
  </document>
  <document type="" group="1">
    <description>---</description>
    <docText>
        <symbol><title>WATERTREE</title></symbol>
        <symbol><title>FLYINGPIPAL</title></symbol>
        <symbol><title>SEEDBAG</title></symbol>
        <symbol><title>ILLEGIBLE</title></symbol>
    </docText>
  </document>
  <document type="" group="1">
    <description>---</description>
    <docText>
        <symbol><title>WASHBOARD</title></symbol>
        <symbol><title>HARROW</title></symbol>
        <symbol><title>TREE</title></symbol>
        <symbol><title>FLATCRAB</title></symbol>
    </docText>
  </document>
  <document type="" group="1">
    <description>---</description>
    <docText>
        <symbol><title>SPADE</title></symbol>
        <symbol><title>THREE</title></symbol>
        <symbol><title>MORTAR</title></symbol>
        <symbol><title>FISHLINE</title></symbol>
        <symbol><title>CARP</title></symbol>
        <symbol><title>SPROUT</title></symbol>
        <symbol><title>RAIN</title></symbol>
        <symbol><title>SUN</title></symbol>
    </docText>
  </document>
  <document type="" group="1">
    <description>---</description>
    <docText>
        <symbol><title>SMALLONE</title></symbol>
        <symbol><title>RAIN</title></symbol>
        <symbol><title>SEED</title></symbol>
    </docText>
  </document>
  <document type="" group="1">
    <description>---</description>
    <docText>
        <symbol><title>BARLEY</title></symbol>
        <symbol><title>SMALLONE</title></symbol>
        <symbol><title>TREE</title></symbol>
        <symbol><title>SPROUT</title></symbol>
    </docText>
  </document>
  <document type="" group="1">
    <description>---</description>
    <docText>
        <symbol><title>TREE</title></symbol>
        <symbol><title>BEANS</title></symbol>
    </docText>
  </document>
  <document type="" group="1">
    <description>---</description>
    <docText>
        <symbol><title>BARLEY</title></symbol>
        <symbol><title>STICKLINE</title></symbol>
        <symbol><title>FISHDOT</title></symbol>
        <symbol><title>FISHHAT</title></symbol>
        <symbol><title>ILLEGIBLE</title></symbol>
    </docText>
  </document>
  <document type="" group="1">
    <description>---</description>
    <docText>
        <symbol><title>BARLEY</title></symbol>
        <symbol><title>BANGLESPLUS</title></symbol>
        <symbol><title>GUARD</title></symbol>
        <symbol><title>TREE</title></symbol>
        <symbol><title>FISHLINE</title></symbol>
        <symbol><title>CARP</title></symbol>
        <symbol><title>ROUNDCRAB</title></symbol>
        <symbol><title>HORSELEAF</title></symbol>
        <symbol><title>BIRDEGG</title></symbol>
    </docText>
  </document>
  <document type="" group="1">
    <description>---</description>
    <docText>
        <symbol><title>SPADE</title></symbol>
        <symbol><title>MANHANDUP</title></symbol>
        <symbol><title>THREE</title></symbol>
        <symbol><title>MORTAR</title></symbol>
        <symbol><title>CARP</title></symbol>
        <symbol><title>ROUNDCRAB</title></symbol>
    </docText>
  </document>
  <document type="" group="1">
    <description>---</description>
    <docText>
        <symbol><title>TREE</title></symbol>
        <symbol><title>TWELVE</title></symbol>
        <symbol><title>SPROUT</title></symbol>
    </docText>
  </document>
  <document type="" group="1">
    <description>---</description>
    <docText>
        <symbol><title>BARLEY</title></symbol>
        <symbol><title>FOUR</title></symbol>
        <symbol><title>SMALLLINEBIGLINE</title></symbol>
        <symbol><title>CLOSEDCROSS</title></symbol>
    </docText>
  </document>
  <document type="" group="1">
    <description>---</description>
    <docText>
        <symbol><title>TREE</title></symbol>
        <symbol><title>SEVEN</title></symbol>
        <symbol><title>FULCRUM</title></symbol>
        <symbol><title>FOURBUILDINGWITHDOTS</title></symbol>
        <symbol><title>ANGLEBUILDING</title></symbol>
    </docText>
  </document>
  <document type="" group="1">
    <description>---</description>
    <docText>
        <symbol><title>TREE</title></symbol>
        <symbol><title>FISH</title></symbol>
        <symbol><title>BIGTWO</title></symbol>
    </docText>
  </document>
  <document type="" group="1">
    <description>---</description>
    <docText>
        <symbol><title>WATERTREE</title></symbol>
        <symbol><title>SPROUT</title></symbol>
        <symbol><title>ARDPLUS</title></symbol>
    </docText>
  </document>
  <document type="" group="1">
    <description>---</description>
    <docText>
        <symbol><title>WASHBOARDTWIST</title></symbol>
        <symbol><title>FLATCRABTOPPLUS</title></symbol>
        <symbol><title>MANWITHANKLEWEIGHT</title></symbol>
    </docText>
  </document>
  <document type="" group="1">
    <description>---</description>
    <docText>
        <symbol><title>FLATCRABPLUSFURROWS</title></symbol>
        <symbol><title>SPROUT</title></symbol>
    </docText>
  </document>
  <document type="" group="1">
    <description>---</description>
    <docText>
        <symbol><title>WATERTREE</title></symbol>
        <symbol><title>SPROUT</title></symbol>
        <symbol><title>ARDPLUS</title></symbol>
    </docText>
  </document>
  <document type="" group="1">
    <description>---</description>
    <docText>
        <symbol><title>MORTAR</title></symbol>
        <symbol><title>SHOVEL</title></symbol>
        <symbol><title>SMALLONE</title></symbol>
        <symbol><title>BOWANDARROW</title></symbol>
        <symbol><title>THREELADDER</title></symbol>
        <symbol><title>SQUARE</title></symbol>
    </docText>
  </document>
  <document type="" group="1">
    <description>---</description>
    <docText>
        <symbol><title>SMALLONE</title></symbol>
        <symbol><title>HORSELEAF</title></symbol>
        <symbol><title>SEED</title></symbol>
        <symbol><title>SQUIRREL</title></symbol>
        <symbol><title>PEASIGN</title></symbol>
    </docText>
  </document>
  <document type="" group="1">
    <description>---</description>
    <docText>
        <symbol><title>SEEDBAG</title></symbol>
        <symbol><title>BIGTWO</title></symbol>
        <symbol><title>ANTHRORAKE</title></symbol>
    </docText>
  </document>
  <document type="" group="1">
    <description>---</description>
    <docText>
        <symbol><title>FURROWS</title></symbol>
        <symbol><title>ARD</title></symbol>
        <symbol><title>THREE</title></symbol>
        <symbol><title>MORTAR</title></symbol>
        <symbol><title>FISHDOT</title></symbol>
        <symbol><title>RAIN</title></symbol>
        <symbol><title>FLATCRABPLUSFURROWS</title></symbol>
        <symbol><title>FIELD</title></symbol>
        <symbol><title>FIELD</title></symbol>
        <symbol><title>THREE</title></symbol>
    </docText>
  </document>
  <document type="" group="1">
    <description>---</description>
    <docText>
        <symbol><title>SUN</title></symbol>
        <symbol><title>SUNINCITADEL</title></symbol>
        <symbol><title>STICKLINE</title></symbol>
        <symbol><title>BIRD</title></symbol>
    </docText>
  </document>
  <document type="" group="1">
    <description>---</description>
    <docText>
        <symbol><title>BARLEY</title></symbol>
        <symbol><title>BANGLESPLUS</title></symbol>
        <symbol><title>GUARD</title></symbol>
        <symbol><title>TREE</title></symbol>
        <symbol><title>GODINTREE</title></symbol>
        <symbol><title>CLOSEDDOUBLEBRACKETS</title></symbol>
        <symbol><title>CARP</title></symbol>
        <symbol><title>RAIN</title></symbol>
        <symbol><title>SEED</title></symbol>
    </docText>
  </document>
  <document type="" group="1">
    <description>---</description>
    <docText>
        <symbol><title>MORTAR</title></symbol>
        <symbol><title>GUARD</title></symbol>
        <symbol><title>HARROW</title></symbol>
    </docText>
  </document>
  <document type="" group="1">
    <description>---</description>
    <docText>
        <symbol><title>BIGONE</title></symbol>
        <symbol><title>TWISTEDFIELD</title></symbol>
        <symbol><title>THREEINTREE</title></symbol>
    </docText>
  </document>
  <document type="" group="1">
    <description>---</description>
    <docText>
        <symbol><title>BARLEY</title></symbol>
        <symbol><title>STICKLINE</title></symbol>
        <symbol><title>BRANCHMAN</title></symbol>
        <symbol><title>BIGTWO</title></symbol>
        <symbol><title>THREE</title></symbol>
        <symbol><title>MORTAR</title></symbol>
        <symbol><title>FISHHAT</title></symbol>
        <symbol><title>SPROUT</title></symbol>
        <symbol><title>RAIN</title></symbol>
        <symbol><title>BIRDEGG</title></symbol>
        <symbol><title>TREFOIL</title></symbol>
    </docText>
  </document>
  <document type="" group="1">
    <description>---</description>
    <docText>
        <symbol><title>TREE</title></symbol>
        <symbol><title>GODINTREE</title></symbol>
        <symbol><title>RAKE</title></symbol>
        <symbol><title>CAPTIVE</title></symbol>
        <symbol><title>RAIN</title></symbol>
        <symbol><title>SUN</title></symbol>
    </docText>
  </document>
  <document type="" group="1">
    <description>---</description>
    <docText>
        <symbol><title>TREE</title></symbol>
        <symbol><title>BLOSSOMTREE</title></symbol>
        <symbol><title>FEMALECAPTIVE</title></symbol>
        <symbol><title>CAPTIVE</title></symbol>
        <symbol><title>FISH</title></symbol>
        <symbol><title>RAKE</title></symbol>
        <symbol><title>ROUNDCRAB</title></symbol>
        <symbol><title>RAIN</title></symbol>
        <symbol><title>FURROWS</title></symbol>
        <symbol><title>FLATCRAB</title></symbol>
        <symbol><title>SUN</title></symbol>
    </docText>
  </document>
  <document type="" group="1">
    <description>---</description>
    <docText>
        <symbol><title>CRABMANYFEET</title></symbol>
        <symbol><title>JOLLYGIANT</title></symbol>
        <symbol><title>HEARTHNOFIRE</title></symbol>
    </docText>
  </document>
  <document type="" group="1">
    <description>---</description>
    <docText>
        <symbol><title>TREE</title></symbol>
        <symbol><title>SPROUT</title></symbol>
        <symbol><title>LITTLELINEBIGLINE</title></symbol>
        <symbol><title>CLOSEDCROSS</title></symbol>
        <symbol><title>TREE</title></symbol>
        <symbol><title>OPENCROSS</title></symbol>
        <symbol><title>ANGLE</title></symbol>
        <symbol><title>SQUIRREL</title></symbol>
        <symbol><title>LITTLECROSS</title></symbol>
        <symbol><title>BRACKETEDBANGLES</title></symbol>
        <symbol><title>FEMALEPLANT</title></symbol>
        <symbol><title>JOLLYGIANT</title></symbol>
    </docText>
  </document>
  <document type="" group="1">
    <description>---</description>
    <docText>
        <symbol><title>FIELD</title></symbol>
        <symbol><title>FIELD</title></symbol>
        <symbol><title>CROSSSTITCHEDFISHHAT</title></symbol>
        <symbol><title>TREE</title></symbol>
        <symbol><title>FIELD</title></symbol>
        <symbol><title>CROOK</title></symbol>
        <symbol><title>FISH</title></symbol>
    </docText>
  </document>
  <document type="" group="1">
    <description>---</description>
    <docText>
        <symbol><title>TREE</title></symbol>
        <symbol><title>FLATCRABPLUSCIRCLE</title></symbol>
        <symbol><title>FISHLINE</title></symbol>
        <symbol><title>RAIN</title></symbol>
        <symbol><title>FURROWS</title></symbol>
        <symbol><title>OPENCROSS</title></symbol>
        <symbol><title>FLATCRABPLUSFURROWS</title></symbol>
    </docText>
  </document>
  <document type="" group="1">
    <description>---</description>
    <docText>
        <symbol><title>SPADE</title></symbol>
        <symbol><title>THREE</title></symbol>
        <symbol><title>MORTAR</title></symbol>
        <symbol><title>CARP</title></symbol>
        <symbol><title>FISHDOT</title></symbol>
        <symbol><title>BIGTWO</title></symbol>
        <symbol><title>HORSELEAF</title></symbol>
        <symbol><title>BIRDEGG</title></symbol>
    </docText>
  </document>
  <document type="" group="1">
    <description>---</description>
    <docText>
        <symbol><title>ODDBRACKET</title></symbol>
        <symbol><title>ODDBRANCHMAN</title></symbol>
        <symbol><title>FISHHAT</title></symbol>
        <symbol><title>THREEINTREE</title></symbol>
        <symbol><title>FIELD</title></symbol>
        <symbol><title>FIELD</title></symbol>
        <symbol><title>SUNANDRAIN</title></symbol>
    </docText>
  </document>
  <document type="" group="1">
    <description>---</description>
    <docText>
        <symbol><title>XWITHFLATROOF</title></symbol>
        <symbol><title>TREE</title></symbol>
        <symbol><title>FISHDOT</title></symbol>
        <symbol><title>RAKE</title></symbol>
        <symbol><title>SMALLONE</title></symbol>
        <symbol><title>SUN</title></symbol>
        <symbol><title>SQUARESEED</title></symbol>
        <symbol><title>SUN</title></symbol>
        <symbol><title>GUARD</title></symbol>
        <symbol><title>SUN</title></symbol>
    </docText>
  </document>
  <document type="" group="1">
    <description>---</description>
    <docText>
        <symbol><title>TREE</title></symbol>
        <symbol><title>THREEINHARROW</title></symbol>
    </docText>
  </document>
  <document type="" group="1">
    <description>---</description>
    <docText>
        <symbol><title>TREE</title></symbol>
        <symbol><title>ANGLEBUILDING</title></symbol>
        <symbol><title>TWELVE</title></symbol>
        <symbol><title>CARP</title></symbol>
        <symbol><title>FISHHAT</title></symbol>
        <symbol><title>THREEINTREE</title></symbol>
        <symbol><title>TREE</title></symbol>
        <symbol><title>SHOVEL</title></symbol>
    </docText>
  </document>
  <document type="" group="1">
    <description>---</description>
    <docText>
        <symbol><title>PLENTYFISH</title></symbol>
        <symbol><title>RAKE</title></symbol>
        <symbol><title>RAIN</title></symbol>
        <symbol><title>CRABMANYFEET</title></symbol>
        <symbol><title>TREEPLUSDOUBLERAKEPLUSSUN</title></symbol>
    </docText>
  </document>
  <document type="" group="1">
    <description>---</description>
    <docText>
        <symbol><title>WASHBOARD</title></symbol>
        <symbol><title>SPIKEHUT</title></symbol>
        <symbol><title>MORTAR</title></symbol>
        <symbol><title>GUARD</title></symbol>
    </docText>
  </document>
  <document type="" group="1">
    <description>---</description>
    <docText>
        <symbol><title>FISHDOTENCLOSED</title></symbol>
        <symbol><title>TREE</title></symbol>
        <symbol><title>CAPTIVE</title></symbol>
        <symbol><title>THREEINTREE</title></symbol>
        <symbol><title>CROOK</title></symbol>
        <symbol><title>FIELD</title></symbol>
        <symbol><title>FIELD</title></symbol>
    </docText>
  </document>
  <document type="" group="1">
    <description>---</description>
    <docText>
        <symbol><title>TREE</title></symbol>
        <symbol><title>HEARTHFIRE</title></symbol>
        <symbol><title>SEVEN</title></symbol>
        <symbol><title>RAIN</title></symbol>
        <symbol><title>BOXONSTICK</title></symbol>
        <symbol><title>FIELDWITHSTICK</title></symbol>
        <symbol><title>THREEINSACRIFICE</title></symbol>
    </docText>
  </document>
  <document type="" group="1">
    <description>---</description>
    <docText>
        <symbol><title>FISH</title></symbol>
        <symbol><title>FORK</title></symbol>
        <symbol><title>ROOFOVERNINE</title></symbol>
    </docText>
  </document>
  <document type="" group="1">
    <description>---</description>
    <docText>
        <symbol><title>CRESCENTMOON</title></symbol>
        <symbol><title>MORTAR</title></symbol>
        <symbol><title>CRABMANYFEET</title></symbol>
        <symbol><title>PIPAL</title></symbol>
        <symbol><title>BIGTWO</title></symbol>
        <symbol><title>CRESCENTMOON</title></symbol>
        <symbol><title>GUARD</title></symbol>
        <symbol><title>SINGLEBRACKETWITHLEAF</title></symbol>
    </docText>
  </document>
  <document type="" group="1">
    <description>---</description>
    <docText>
        <symbol><title>LADDER</title></symbol>
        <symbol><title>BOWANDARROW</title></symbol>
        <symbol><title>SMALLONE</title></symbol>
        <symbol><title>BIGTWO</title></symbol>
        <symbol><title>THREEBRANCHEDPLANT2</title></symbol>
        <symbol><title>EMPTYBOX</title></symbol>
    </docText>
  </document>
  <document type="" group="1">
    <description>---</description>
    <docText>
        <symbol><title>CRESCENTMOON</title></symbol>
        <symbol><title>CROOK</title></symbol>
        <symbol><title>CLOSEDCROSS</title></symbol>
        <symbol><title>SMALLONE</title></symbol>
        <symbol><title>ONEINBUTTERFLY</title></symbol>
        <symbol><title>TWISTEDGUY</title></symbol>
    </docText>
  </document>
  <document type="" group="1">
    <description>---</description>
    <docText>
        <symbol><title>RICE</title></symbol>
        <symbol><title>SMALLONE</title></symbol>
        <symbol><title>TREE</title></symbol>
        <symbol><title>BARLEY</title></symbol>
        <symbol><title>SHOVEL</title></symbol>
        <symbol><title>THREE</title></symbol>
        <symbol><title>MORTAR</title></symbol>
        <symbol><title>RAIN</title></symbol>
        <symbol><title>OPENCROSS</title></symbol>
        <symbol><title>CRESCENTMOON</title></symbol>
    </docText>
  </document>
  <document type="" group="1">
    <description>---</description>
    <docText>
        <symbol><title>WHEEL</title></symbol>
        <symbol><title>FURROWS</title></symbol>
        <symbol><title>WASHBOARD</title></symbol>
        <symbol><title>WASHBOARD</title></symbol>
        <symbol><title>EIGHT</title></symbol>
        <symbol><title>JOLLYGIANT</title></symbol>
        <symbol><title>HEART</title></symbol>
        <symbol><title>HEART</title></symbol>
    </docText>
  </document>
  <document type="" group="1">
    <description>---</description>
    <docText>
        <symbol><title>TREE</title></symbol>
        <symbol><title>HEARTHFIRE</title></symbol>
        <symbol><title>SEVEN</title></symbol>
        <symbol><title>THREE</title></symbol>
        <symbol><title>MORTAR</title></symbol>
        <symbol><title>SPROUT</title></symbol>
        <symbol><title>RAIN</title></symbol>
        <symbol><title>FISH</title></symbol>
        <symbol><title>TREFOIL</title></symbol>
        <symbol><title>CRESCENTMOON</title></symbol>
    </docText>
  </document>
  <document type="" group="1">
    <description>---</description>
    <docText>
        <symbol><title>TREE</title></symbol>
        <symbol><title>ANGLEBUILDING</title></symbol>
        <symbol><title>TWELVE</title></symbol>
        <symbol><title>FISH</title></symbol>
        <symbol><title>RAKE</title></symbol>
        <symbol><title>ROUNDCRAB</title></symbol>
        <symbol><title>SPROUT</title></symbol>
        <symbol><title>TWOINTREE</title></symbol>
        <symbol><title>FIELD</title></symbol>
        <symbol><title>FIELD</title></symbol>
    </docText>
  </document>
  <document type="" group="1">
    <description>---</description>
    <docText>
        <symbol><title>WASHBOARD</title></symbol>
        <symbol><title>SPIKEHUT</title></symbol>
        <symbol><title>SEEDBAG</title></symbol>
        <symbol><title>THREEINTREE</title></symbol>
    </docText>
  </document>
  <document type="" group="1">
    <description>---</description>
    <docText>
        <symbol><title>TREE</title></symbol>
        <symbol><title>BARLEY</title></symbol>
        <symbol><title>SHOVEL</title></symbol>
        <symbol><title>BIGTWO</title></symbol>
        <symbol><title>SINGLEBRACKET</title></symbol>
        <symbol><title>THREE</title></symbol>
        <symbol><title>SPROUT</title></symbol>
        <symbol><title>FISHHAT</title></symbol>
        <symbol><title>FISH</title></symbol>
        <symbol><title>BIGTWO</title></symbol>
        <symbol><title>RAIN</title></symbol>
        <symbol><title>OPENCROSS</title></symbol>
        <symbol><title>REVERSECRESCENTMOON</title></symbol>
    </docText>
  </document>
  <document type="" group="1">
    <description>---</description>
    <docText>
        <symbol><title>SPADE</title></symbol>
        <symbol><title>FISHLINE</title></symbol>
        <symbol><title>CARP</title></symbol>
        <symbol><title>FISHHAT</title></symbol>
        <symbol><title>RAIN</title></symbol>
        <symbol><title>SUN</title></symbol>
        <symbol><title>TREE</title></symbol>
        <symbol><title>BLOSSOMTREE</title></symbol>
        <symbol><title>MORTAR</title></symbol>
        <symbol><title>ENCLOSEDARD</title></symbol>
        <symbol><title>SQUIRREL</title></symbol>
        <symbol><title>ROUNDSEED</title></symbol>
        <symbol><title>GRAIN2</title></symbol>
        <symbol><title>JOLLYGIANT</title></symbol>
        <symbol><title>FURROWS</title></symbol>
        <symbol><title>DOTINCIRCLE</title></symbol>
        <symbol><title>THREE</title></symbol>
    </docText>
  </document>
  <document type="" group="1">
    <description>---</description>
    <docText>
        <symbol><title>TREE</title></symbol>
        <symbol><title>ANGLEBUILDING</title></symbol>
        <symbol><title>SHORTLINELONGLINE</title></symbol>
        <symbol><title>CLOSEDCROSS</title></symbol>
        <symbol><title>SPADE</title></symbol>
        <symbol><title>FISH</title></symbol>
        <symbol><title>FISHHAT</title></symbol>
        <symbol><title>SMALLONE</title></symbol>
        <symbol><title>CRESCENTMOON</title></symbol>
        <symbol><title>ENCLOSEDBANGLES</title></symbol>
        <symbol><title>SPROUTINSEED</title></symbol>
        <symbol><title>CRABMANYFEET</title></symbol>
        <symbol><title>HORSELEAF</title></symbol>
    </docText>
  </document>
  <document type="" group="1">
    <description>---</description>
    <docText>
        <symbol><title>TREE</title></symbol>
        <symbol><title>OPENCROSS</title></symbol>
        <symbol><title>ANGLE</title></symbol>
        <symbol><title>SQUIRREL</title></symbol>
        <symbol><title>FISH</title></symbol>
        <symbol><title>BIGTWO</title></symbol>
        <symbol><title>CARP</title></symbol>
        <symbol><title>FISHHAT</title></symbol>
        <symbol><title>RAIN</title></symbol>
        <symbol><title>GRAIN2</title></symbol>
        <symbol><title>JOLLYGIANT</title></symbol>
        <symbol><title>FURROW</title></symbol>
        <symbol><title>BIGONE</title></symbol>
    </docText>
  </document>
  <document type="" group="1">
    <description>---</description>
    <docText>
        <symbol><title>TREE</title></symbol>
        <symbol><title>DOUBLEBRACKETS</title></symbol>
        <symbol><title>BIGTWO</title></symbol>
        <symbol><title>FISH</title></symbol>
        <symbol><title>RAKE</title></symbol>
        <symbol><title>FISHHAT</title></symbol>
        <symbol><title>SPROUT</title></symbol>
        <symbol><title>RAIN</title></symbol>
        <symbol><title>BALANCE</title></symbol>
        <symbol><title>SEEDBAG</title></symbol>
    </docText>
  </document>
  <document type="" group="1">
    <description>---</description>
    <docText>
        <symbol><title>WATERCARRIER</title></symbol>
        <symbol><title>VHUT</title></symbol>
        <symbol><title>ANGLEBUILDING</title></symbol>
        <symbol><title>RAIN</title></symbol>
        <symbol><title>GRAIN2</title></symbol>
        <symbol><title>JOLLYGIANT</title></symbol>
        <symbol><title>HARROW</title></symbol>
        <symbol><title>BIGTWO</title></symbol>
        <symbol><title>SINGLEBRACKET</title></symbol>
        <symbol><title>FLATCRAB</title></symbol>
    </docText>
  </document>
  <document type="" group="1">
    <description>---</description>
    <docText>
        <symbol><title>TREE</title></symbol>
        <symbol><title>ANGLEBUILDING</title></symbol>
        <symbol><title>SMALLLINEBIGLINE</title></symbol>
        <symbol><title>CLOSEDCROSS</title></symbol>
        <symbol><title>SPADE</title></symbol>
        <symbol><title>FISH</title></symbol>
        <symbol><title>FISHHAT</title></symbol>
        <symbol><title>SMALLONE</title></symbol>
        <symbol><title>CRESCENTMOON</title></symbol>
        <symbol><title>ENCLOSEDBANGLES</title></symbol>
        <symbol><title>ROUNDCRAB</title></symbol>
        <symbol><title>ODDMAN</title></symbol>
        <symbol><title>FOUR</title></symbol>
    </docText>
  </document>
  <document type="" group="1">
    <description>---</description>
    <docText>
        <symbol><title>TREE</title></symbol>
        <symbol><title>ROUNDCRAB</title></symbol>
        <symbol><title>MOUNTAINS</title></symbol>
        <symbol><title>RICE</title></symbol>
        <symbol><title>RAIN</title></symbol>
        <symbol><title>FEMALEPLANT</title></symbol>
        <symbol><title>HEARTHNOFIRE</title></symbol>
        <symbol><title>SPROUTINSEED</title></symbol>
        <symbol><title>TREE</title></symbol>
        <symbol><title>HARROW</title></symbol>
    </docText>
  </document>
  <document type="" group="1">
    <description>---</description>
    <docText>
        <symbol><title>TREE</title></symbol>
        <symbol><title>CLOSEDDOUBLEBRACKETS</title></symbol>
        <symbol><title>BRANCHMAN</title></symbol>
        <symbol><title>ILLEGIBLE</title></symbol>
        <symbol><title>THREE</title></symbol>
        <symbol><title>MORTAR</title></symbol>
        <symbol><title>FISHDOT</title></symbol>
        <symbol><title>CARP</title></symbol>
        <symbol><title>RAIN</title></symbol>
        <symbol><title>SEED</title></symbol>
    </docText>
  </document>
  <document type="" group="1">
    <description>---</description>
    <docText>
        <symbol><title>TREE</title></symbol>
        <symbol><title>SPROUT</title></symbol>
        <symbol><title>SHORTLINELONGLINE</title></symbol>
        <symbol><title>CLOSEDCROSS</title></symbol>
        <symbol><title>ONEINTREE</title></symbol>
        <symbol><title>OPENCROSS</title></symbol>
        <symbol><title>ANGLE</title></symbol>
        <symbol><title>SQUIRREL</title></symbol>
        <symbol><title>SHORTLINELONGLINE</title></symbol>
        <symbol><title>CLOSEDCROSS</title></symbol>
    </docText>
  </document>
  <document type="" group="1">
    <description>---</description>
    <docText>
        <symbol><title>TREE</title></symbol>
        <symbol><title>HEARTHFIRE</title></symbol>
        <symbol><title>SEVEN</title></symbol>
        <symbol><title>THREE</title></symbol>
        <symbol><title>MORTAR</title></symbol>
        <symbol><title>FISHLINE</title></symbol>
        <symbol><title>ROUNDCRAB</title></symbol>
        <symbol><title>SPROUT</title></symbol>
        <symbol><title>RAIN</title></symbol>
        <symbol><title>SEED</title></symbol>
        <symbol><title>CLOSEDLADDER</title></symbol>
    </docText>
  </document>
  <document type="" group="1">
    <description>---</description>
    <docText>
        <symbol><title>TREE</title></symbol>
        <symbol><title>FIELD</title></symbol>
        <symbol><title>FIELD</title></symbol>
        <symbol><title>FLATCRAB</title></symbol>
        <symbol><title>STICKLINE</title></symbol>
        <symbol><title>ANGLE</title></symbol>
        <symbol><title>MANWITHONE</title></symbol>
        <symbol><title>TREE</title></symbol>
        <symbol><title>GODINTREE</title></symbol>
        <symbol><title>RAKE</title></symbol>
    </docText>
  </document>
  <document type="" group="1">
    <description>---</description>
    <docText>
        <symbol><title>XWITHFLATROOF</title></symbol>
        <symbol><title>TREE</title></symbol>
        <symbol><title>FISH</title></symbol>
        <symbol><title>BIGTWO</title></symbol>
        <symbol><title>SPROUT</title></symbol>
        <symbol><title>SMALLONE</title></symbol>
        <symbol><title>WASHBOARD</title></symbol>
        <symbol><title>HEARTHNOFIRE</title></symbol>
        <symbol><title>ANOTHERONE</title></symbol>
        <symbol><title>MANWITHHANDUP</title></symbol>
    </docText>
  </document>
  <document type="" group="1">
    <description>---</description>
    <docText>
        <symbol><title>FISHDOT</title></symbol>
        <symbol><title>BRANCHMAN</title></symbol>
        <symbol><title>RAIN</title></symbol>
        <symbol><title>BIRDEGG</title></symbol>
        <symbol><title>HARROW</title></symbol>
        <symbol><title>BIGTWO</title></symbol>
        <symbol><title>SPADE</title></symbol>
        <symbol><title>THREE</title></symbol>
        <symbol><title>MORTAR</title></symbol>
        <symbol><title>FISH</title></symbol>
        <symbol><title>BIGTWO</title></symbol>
    </docText>
  </document>
  <document type="" group="1">
    <description>---</description>
    <docText>
        <symbol><title>TREE</title></symbol>
        <symbol><title>CAPTIVE</title></symbol>
        <symbol><title>OPENCROSS</title></symbol>
        <symbol><title>ANGLE</title></symbol>
        <symbol><title>SQUIRREL</title></symbol>
        <symbol><title>FISH</title></symbol>
        <symbol><title>BIGTWO</title></symbol>
        <symbol><title>SPROUT</title></symbol>
        <symbol><title>SHORTLINELONGLINE</title></symbol>
        <symbol><title>SQUARECRAB</title></symbol>
    </docText>
  </document>
  <document type="" group="1">
    <description>---</description>
    <docText>
        <symbol><title>HARVESTER</title></symbol>
        <symbol><title>TREE</title></symbol>
        <symbol><title>BUTTERFLYPLUSLINE</title></symbol>
        <symbol><title>DOUBLENCLOSEDBOW</title></symbol>
        <symbol><title>PLANTWITHTHREEBRANCHES</title></symbol>
        <symbol><title>FISH</title></symbol>
        <symbol><title>VSHAPEDHUT</title></symbol>
        <symbol><title>SEEDWITHSPROUT</title></symbol>
        <symbol><title>SATURN1</title></symbol>
        <symbol><title>SATURN2</title></symbol>
    </docText>
  </document>
  <document type="" group="1">
    <description>---</description>
    <docText>
        <symbol><title>BIGONE</title></symbol>
        <symbol><title>BANGLES</title></symbol>
        <symbol><title>GUARD</title></symbol>
        <symbol><title>TREE</title></symbol>
        <symbol><title>GODINTREE</title></symbol>
        <symbol><title>BRACKETEDGODINTREE</title></symbol>
        <symbol><title>RAIN</title></symbol>
        <symbol><title>HORSELEAF</title></symbol>
        <symbol><title>CIRCLEWITHLEAFLIKETHINGS</title></symbol>
        <symbol><title>THREE</title></symbol>
    </docText>
  </document>
  <document type="" group="1">
    <description>---</description>
    <docText>
        <symbol><title>MANWITHTWOBOWS</title></symbol>
        <symbol><title>ROUNDSEED</title></symbol>
        <symbol><title>FURROWS</title></symbol>
        <symbol><title>RICE</title></symbol>
        <symbol><title>JOLLYGIANT</title></symbol>
        <symbol><title>SQUARESEED</title></symbol>
        <symbol><title>THREE</title></symbol>
        <symbol><title>RAIN</title></symbol>
        <symbol><title>FLYINGPIPAL</title></symbol>
    </docText>
  </document>
  <document type="" group="1">
    <description>---</description>
    <docText>
        <symbol><title>BEANS</title></symbol>
        <symbol><title>SMALLONE</title></symbol>
        <symbol><title>WEDGE</title></symbol>
        <symbol><title>FURROWS</title></symbol>
        <symbol><title>SQUARESEED</title></symbol>
        <symbol><title>THREE</title></symbol>
        <symbol><title>SHORTLINELONGLINE</title></symbol>
        <symbol><title>ODDHARVESTER</title></symbol>
        <symbol><title>QUADRIPED</title></symbol>
        <symbol><title>MORTAR</title></symbol>
    </docText>
  </document>
 </entry>
</collection>
