<?xml version="1.0" encoding="UTF-8"?>
<!--
Licensed under the Apache License, Version 2.0 (the "License");
you may not use this file except in compliance with the License.
You may obtain a copy of the License at

   http://www.apache.org/licenses/LICENSE-2.0

Unless required by applicable law or agreed to in writing, software
distributed under the License is distributed on an "AS IS" BASIS,
WITHOUT WARRANTIES OR CONDITIONS OF ANY KIND, either express or implied.
See the License for the specific language governing permissions and
limitations under the License.
-->
<collection xmlns:xsi="http://www.w3.org/2001/XMLSchema-instance" xsi:noNamespaceSchemaLocation="mySchema.xsd">
   <entry>
		<bib>
			<author> Seidl, Ursula </author>
		    <year>   1989   </year>
		    <title>  Die Babylonischen Kudurru-Reliefs: Symbole Mesopotamischer Gottheiten.  </title>
		    <pubInfo> Universitätsverlag Freiburg Schweiz Vandenhoeck and Ruprecht Gottingen </pubInfo>
		</bib>
		
		<document type="Kudduru" group="1">
		    <description>2, Nazi-Maruttaš Zeit</description>
		    <docText>
				<side number="A">
					<symbol><title>Löwenmensch</title></symbol>
					<symbol><title>Aufger.-steh.-Tiermenschen</title></symbol>
				</side>
				<side number="B">
					<symbol><title>Stern</title></symbol>
					<symbol><title>Mondsichel</title></symbol>
					<symbol><title>Stern</title></symbol>
					<symbol><title>Sonnenscheibe</title></symbol>
					<symbol reliability="uncertain"><title>Tiere</title></symbol>
				</side>
		    </docText>
		</document>
		
		<document type="Kudduru" group="1">
		    <description>3</description>
		    <docText>
				<line number="1">
					<symbol><title>Stern</title></symbol>
				</line>
				<line number="2">
					<symbol><title>Sonnenscheibe</title></symbol>
				</line>
				<line number="3">
					<symbol><title>Mondsichel</title></symbol>
				</line>
				<line number="4">
					<symbol><title>Löwenmensch</title></symbol>
					<symbol><title>Hund</title></symbol>
				</line>
		    </docText>
		</document>
		
		<document type="Kudduru" group="1">
		    <description>4</description>
		    <docText>
				<line number="1">
					<symbol><title>Spaten</title></symbol>
					<symbol><title>Löwenmensch</title></symbol>
					<symbol><title>Götter</title></symbol>
				</line>
				<line number="2">
					<symbol><title>Doppellöwenkeule</title></symbol>
				</line>
				<line number="3">
					<symbol><title>Menschenskorpion</title></symbol>
				</line>
				<line number="4">
					<symbol><title>Schildkröte</title></symbol>
					<symbol><title>Netzmuster</title></symbol>
					<symbol><title>Kampf-gegen-Mischwesen</title></symbol>
				</line>
		    </docText>
		</document>
		
		<document type="Kudduru" group="1">
		    <description>5</description>
		    <docText>
				<side number="A">
					<line number="1">
						<symbol><title>Sonnenscheibe</title></symbol>
						<symbol><title>Mondsichel</title></symbol>
						<symbol><title>Stern</title></symbol>
					</line>
					<line number="2">
						<symbol><title>Schakal</title></symbol>
						<symbol><title>Hund</title><description>Some authors call this a Hare</description></symbol>
						<symbol><title>Schreitender-Vogel</title></symbol>
					</line>
					<line number="3">
						<symbol><title>Löwenmensch</title></symbol>
						<symbol><title>Dreieck Stab</title></symbol>
						<symbol><title>Stab</title></symbol>
						<symbol><title>Blitzbündel</title></symbol>
						<symbol><title>Aufger.-steh.-Tiermenschen</title></symbol>
					</line>
					<line number="4">
						<symbol><title>Schlangendrache</title></symbol>
						<symbol><title>Schlange</title></symbol>
						<symbol><title>Skorpion</title></symbol>
						<symbol><title>Löwenstab</title></symbol>
					</line>
					<line number="5">
						<symbol><title>Doppellöwenkeule</title></symbol>
						<symbol reliability="uncertain"><title>Spaten</title><description>Spaten or Lanzen</description></symbol>
						<symbol reliability="uncertain"><title>Spaten</title><description>Spaten or Lanzen</description></symbol>
						<symbol><title>Schreitender-Vogel</title></symbol>
						<symbol><title>Schreitender-Vogel</title></symbol>
						<symbol><title>Lampe</title></symbol>
						<symbol><title>Kreuz</title></symbol>
					</line>
				</side>
				<side number="B">
					<line number="1">
						<symbol reliability="uncertain"><title>Bündel-u.-Keulen</title></symbol>
						<symbol><title>Schildkröte</title></symbol>
					</line>
					<line number="2">
						<symbol><title>Schreitender-Vogel</title></symbol>
						<symbol><title>Vogel-auf-d.-Stange</title></symbol>
						<symbol><title>Schreitender-Vogel</title></symbol>
					</line>
					<line number="3">
						<symbol><title>Netzmuster</title></symbol>
					</line>
				</side>
		    </docText>
		</document>
		
		<document type="Kudduru" group="1">
		    <description>7, Adad-šuma-uṣur Zeit</description>
		    <docText>
				<side number="A">
					<line number="1">
						<symbol><title>Blitzbündel</title></symbol>
					</line>
					<line number="2">
						<symbol><title>Schakal</title></symbol>
					</line>
					<line number="3">
						<symbol><title>Löwenmensch</title></symbol>
					</line>
				</side>
				<side number="B">
					<symbol><title>Hund</title></symbol>
					<symbol><title>Skorpion</title></symbol>
				</side>
				<side number="C">
					<symbol><title>Stern</title></symbol>
					<symbol><title>Mondsichel</title></symbol>
				</side>
		    </docText>
		</document>
		
		<document type="Kudduru" group="1">
		    <description>9</description>
		    <docText>
				<line number="1">
					<symbol><title>Stern</title></symbol>
					<symbol><title>Mondsichel</title></symbol>
					<symbol><title>Sonnenscheibe</title></symbol>
				</line>
				<line number="2">
					<symbol><title>Lampe</title></symbol>
					<symbol><title>Schildkröte</title></symbol>
					<symbol><title>Skorpion</title></symbol>
					<symbol><title>Blitzbündel</title></symbol>
					<symbol><title>Löwenstab</title></symbol>
				</line>
				<line number="3">
					<symbol><title>Schakal</title></symbol>
				</line>
				<line number="4">
					<symbol><title>Hund</title></symbol>
					<symbol><title>Schaf</title></symbol>
				</line>
				<line number="5">
					<symbol><title>Widderstab</title></symbol>
					<symbol><title>Spaten</title></symbol>
					<symbol><title>Vogel-auf-d.-Stange</title></symbol>
					<symbol><title>Schlange</title></symbol>
					<symbol><title>Schreitender-Vogel</title></symbol>
				</line>
		    </docText>
		</document>
		
		<document type="Kudduru" group="1">
		    <description>10</description>
		    <docText>
				<line number="1">
					<symbol><title>Skorpion</title></symbol>
				</line>
				<line number="2">
					<symbol><title>Hund</title></symbol>
				</line>
		    </docText>
		</document>
		
		<document type="Kudduru" group="1">
		    <description>11</description>
		    <docText>
				<side number="A">
					<line number="1">
						<symbol><title>Mondsichel</title></symbol>
					</line>
					<line number="2">
						<symbol><title>Stern</title></symbol>
					</line>
				</side>
				<side number="B">
					<line number="1">
						<symbol><title>Bündel-u.-Keulen</title></symbol>
						<symbol><title>Mondsichel</title></symbol>
					</line>
					<line number="2">
						<symbol><title>Schakal</title></symbol>
						<symbol><title>Blitzbündel</title></symbol>
					</line>
					<line number="3">
						<symbol><title>Spaten</title></symbol>
						<symbol><title>Löwenstab</title></symbol>
						<symbol><title>Lampe</title></symbol>
					</line>
				</side>
		    </docText>
		</document>
		
		<document type="Kudduru" group="2">
		    <description>15</description>
		    <docText>
				<side number="A">
					<line number="1">
						<symbol reliability="uncertain"><title>Hörnerkrone</title></symbol>
					</line>
					<line number="2">
						<symbol reliability="uncertain"><title>Löwendrache</title></symbol>
						<symbol reliability="uncertain"><title>Schlangendrache</title></symbol>
						<symbol><title>Schakal</title></symbol>
						<symbol><title>Vogel-auf-d.-Stange</title></symbol>
					</line>
				</side>
				<side number="B">
					<symbol><title>Symbolsockel</title></symbol>
				</side>
		    </docText>
		</document>
		
		<document type="Kudduru" group="2">
		    <description>16</description>
		    <docText>
				<symbol><title>Löwenstab</title></symbol>
				<symbol><title>Adlerstab</title></symbol>
				<symbol><title>Symbolsockel</title></symbol>
		    </docText>
		</document>
		
		<document type="Kudduru" group="2">
		    <description>19</description>
		    <docText>
				<side number="A">
					<line number="1">
						<symbol><title>Symbolsockel</title></symbol>
					</line>
					<line number="2">
						<symbol><title>Rind</title></symbol>
					</line>
				</side>
				<side number="B">
					<symbol><title>Götter</title></symbol>
					<symbol><title>Ziegenfisch</title></symbol>
					<symbol><title>Schildkröte</title></symbol>
				</side>
		    </docText>
		</document>
		
		<document type="Kudduru" group="2">
		    <description>21</description>
		    <docText>
				<line number="1">
					<symbol><title>Stern</title></symbol>
				</line>
				<line number="2">
					<symbolUnit>
						<symbol><title>Blitzbündel</title></symbol>
						<symbol><title>Götter</title></symbol>
						<description>Götter holding a Blitzbündel</description>
					</symbolUnit>
				</line>
		    </docText>
		</document>
		
		<document type="Kudduru" group="2">
		    <description>23, Meli-Ši.HU</description>
		    <docText>
				<line number="1">
					<symbol><title>Stern</title></symbol>
					<symbol><title>Mondsichel</title></symbol>
					<symbol><title>Sonnenscheibe</title></symbol>
				</line>
				<line number="2">
					<symbol><title>Göttinnen</title></symbol>
					<symbol><title>Herrscher</title></symbol>
					<symbol><title>Kultszenen</title></symbol>
				</line>
		    </docText>
		</document>
		
		<document type="Kudduru" group="2">
		    <description>24</description>
		    <docText>
				<line number="1">
					<symbol><title>Sonnenscheibe</title></symbol>
				</line>
				<line number="2">
					<symbol><title>Stern</title></symbol>
					<symbol><title>Mondsichel</title></symbol>
				</line>
				<line number="3">
					<symbol><title>Göttinnen</title></symbol>
					<symbol><title>Herrscher</title></symbol>
					<symbol><title>Kultszenen</title></symbol>
				</line>
		    </docText>
		</document>
		
		<document type="Kudduru" group="2">
		    <description>26</description>
		    <docText>
				<line number="1">
					<symbol><title>Stern</title></symbol>
				</line>
				<line number="2">
					<symbol><title>Blitzbündel</title></symbol>
					<symbol><title>Lampe</title></symbol>
				</line>
				<line number="3">
					<symbol><title>Götter</title></symbol>
					<symbol><title>Löwendrache</title></symbol>
					<symbol><title>Bündel-u.-Keulen</title></symbol>
				</line>
		    </docText>
		</document>
		
		<document type="Kudduru" group="2">
		    <description>28</description>
		    <docText>
				<line number="1">
					<symbol><title>Schlange</title></symbol>
				</line>
				<line number="2">
					<symbol><title>Mondsichel</title></symbol>
					<symbol><title>Stern</title></symbol>
					<symbol><title>Skorpion</title></symbol>
					<symbol><title>Lampe</title></symbol>
					<symbol><title>Löwenstab</title></symbol>
				</line>
				<line number="3">
					<symbol><title>Hörnerkrone</title></symbol>
					<symbol><title>Blitzbündel</title></symbol>
				</line>
				<line number="4">
					<symbol><title>Widderstab</title></symbol>
				</line>
				<line number="5">
					<symbol><title>Symbolsockel</title></symbol>
					<symbol><title>Symbolsockel</title></symbol>
				</line>
				<line number="6">
					<symbol><title>Sonnenscheibe</title></symbol>
					<symbol><title>Schreitender-Vogel</title></symbol>
				</line>
		    </docText>
		</document>
		
		<document type="Kudduru" group="2">
		    <description>29</description>
		    <docText>
				<side number="A">
					<symbol><title>Sonnenscheibe</title></symbol>
					<symbol><title>Mondsichel</title></symbol>
					<symbol><title>Stern</title></symbol>
				</side>
				<side number="B">
					<line number="1">
						<symbol><title>Skorpion</title></symbol>
					</line>
					<line number="2">
						<symbol><title>Adlerstab</title></symbol>
						<symbol><title>Löwenstab</title></symbol>
						<symbol><title>Widderstab</title></symbol>
						<symbol><title>Spaten</title></symbol>
					</line>
				</side>
				<side number="C">
					<line number="1">
						<symbol><title>Lampe</title></symbol>
					</line>
					<line number="2">
						<symbol><title>Schlangendrache</title></symbol>
					</line>
					<line number="3">
						<symbol><title>Symbolsockel</title></symbol>
					</line>
					<line number="4">
						<symbol><title>Ziegenfisch</title></symbol>
					</line>
				</side>
				<side number="D">
						<symbol><title>Göttinnen</title></symbol>
						<symbol><title>Doppellöwenkeule</title></symbol>
						<symbol><title>Schreitender-Vogel</title></symbol>
						<symbol><title>Schlange</title></symbol>
				</side>
		    </docText>
		</document>
		
		<document type="Kudduru" group="2">
		    <description>30</description>
		    <docText>
				<side number="A">
					<line number="1">
						<symbol><title>Hörnerkrone</title></symbol>
						<symbol><title>Symbolsockel</title></symbol>
					</line>
					<line number="2">
						<symbol><title>Hörnerkrone</title></symbol>
						<symbol><title>Symbolsockel</title></symbol>
					</line>
					<line number="3">
						<symbol><title>Ziegenfisch</title></symbol>
						<symbol><title>Kultszenen</title></symbol>
					</line>
				</side>
				<side number="B">
					<line number="1">
						<symbol><title>Kultszenen</title></symbol>
						<symbol><title>Mondsichel</title></symbol>
						<symbol><title>Stern</title></symbol>
						<symbol><title>Sonnenscheibe</title></symbol>
						<symbol><title>Spaten</title></symbol>
					</line>
					<line number="2">
						<symbol><title>Lampe</title></symbol>
					</line>
					<line number="3">
						<symbol><title>Göttinnen</title></symbol>
						<symbol><title>Widderstab</title></symbol>
						<symbol reliability="uncertain"><title>Herrscher</title></symbol>
					</line>
					<line number="4">
						<symbol reliability="uncertain"><title>Schreibgerät</title></symbol>
						<symbol><title>Schlangendrache</title></symbol>
						<symbol><title>Hund</title></symbol>
						<symbol><title>Löwendrache</title></symbol>
					</line>
				</side>
				<side number="C">
					<line number="1">
						<symbol><title>Blitzbündel</title></symbol>
					</line>
					<line number="2">
						<symbol><title>Schlange</title></symbol>
						<symbol reliability="uncertain"><title>Adlerstab</title></symbol>
					</line>
				</side>
		    </docText>
		</document>
		
		<document type="Kudduru" group="3">
		    <description>35</description>
		    <docText>
				<line number="1">
					<symbol><title>Symbolsockel</title></symbol>
					<symbol><title>Symbolsockel</title></symbol>
				</line>
				<line number="2">
					<symbolUnit>
						<symbol><title>Spaten</title></symbol>
						<symbol><title>Symbolsockel</title></symbol>
						<symbol><title>Schlangendrache</title></symbol>
					</symbolUnit>
				</line>
		    </docText>
		</document>
		
		<document type="Kudduru" group="3">
		    <description>40</description>
		    <docText>
				<side number="A">
					<circle>
						<symbol><title>Befestigungsmauer</title></symbol>
						<symbol><title>Schlange</title></symbol>
					</circle>
				</side>
				<side number="B">
					<line number="1">
						<symbol><title>Adlerstab</title></symbol>
						<symbol><title>Löwendrache</title></symbol>
						<symbol><title>Löwenstab</title></symbol>
						<symbol><title>Schreitender-Vogel</title></symbol>
						<symbol><title>Widderstab</title></symbol>
						<symbolUnit>
							<symbol><title>Götter</title></symbol>
							<symbol><title>Symbolsockel</title></symbol>
						</symbolUnit>
						<symbolUnit>
							<symbol><title>Bündel-u.-Keulen</title></symbol>
							<symbol><title>Symbolsockel</title></symbol>
						</symbolUnit>
						<symbolUnit>
							<symbol><title>Spaten</title></symbol>
							<symbol><title>Symbolsockel</title></symbol>
						</symbolUnit>
						<symbolUnit>
							<symbol><title>Band</title></symbol>
							<symbol><title>Symbolsockel</title></symbol>
						</symbolUnit>
						<symbolUnit>
							<symbol><title>Symbolsockel</title></symbol>
							<symbol><title>Ziegenfisch</title></symbol>
						</symbolUnit>
						<symbolUnit>
							<symbol><title>Hörnerkrone</title></symbol>
							<symbol><title>Symbolsockel</title></symbol>
						</symbolUnit>
						<symbolUnit>
							<symbol><title>Hörnerkrone</title></symbol>
							<symbol><title>Symbolsockel</title></symbol>
						</symbolUnit>
						<symbolUnit>
							<symbol><title>Stern</title></symbol>
							<symbol><title>Mondsichel</title></symbol>
						</symbolUnit>
						<symbol><title>Sonnenscheibe</title></symbol>
					</line>
					<line number="2">
						<symbol><title>Schreibgerät</title></symbol>
						<symbol><title>Göttinnen</title></symbol>
						<symbol><title>Vogel-m.-zurückgew.-Kopf</title></symbol>
						<symbol><title>Lampe</title></symbol>
						<symbol><title>Menschenskorpion</title></symbol>
						<symbol><title>Götterprozession</title></symbol>
					</line>
					<line number="3">
						<symbol><title>Schlangendrache</title></symbol>
					</line>
				</side>
		    </docText>
		</document>
		
		<document type="Kudduru" group="3">
		    <description>42</description>
		    <docText>
				<symbol reliability="uncertain"><title>Löwendrache</title></symbol>
				<symbol reliability="uncertain"><title>Schlangendrache</title></symbol>
				<symbolUnit>
					<symbol reliability="uncertain"><title>Spaten</title></symbol>
					<symbol><title>Symbolsockel</title></symbol>
				</symbolUnit>
				<symbol><title>Götterboot</title></symbol>
		    </docText>
		</document>
		
		<document type="Kudduru" group="4">
		    <description>48, Marduk-apla-iddina I. Zeit</description>
		    <docText>
				<side number="A">
					<line number="1">
						<symbol><title>Stern</title></symbol>
					</line>
					<line number="2">
						<symbol><title>Mondsichel</title></symbol>
						<symbol><title>Sonnenscheibe</title></symbol>
					</line>
					<line number="3">
						<symbol><title>Skorpion</title></symbol>
					</line>
					<line number="4">
						<symbol><title>Göttinnen</title></symbol>
						<symbol><title>Lampe</title></symbol>
					</line>
					<line number="5">
						<symbol><title>Symbolsockel</title></symbol>
						<symbol><title>Hund</title></symbol>
					</line>
				</side>
				<side number="B">
					<line number="1">
						<symbolUnit>
							<symbol><title>Hörnerkrone</title></symbol>
							<symbol><title>Symbolsockel</title></symbol>
						</symbolUnit>
						<symbolUnit>
							<symbol><title>Hörnerkrone</title></symbol>
							<symbol><title>Symbolsockel</title></symbol>
						</symbolUnit>
					</line>
					<line number="2">
						<symbolUnit>
							<symbol><title>Widderstab</title></symbol>
							<symbol><title>Symbolsockel</title></symbol>
							<symbol><title>Ziegenfisch</title></symbol>
						</symbolUnit>
						<symbol><title>Symbolsockel</title></symbol>
					</line>
					<line number="3">
						<symbol><title>Spaten</title></symbol>
						<symbol><title>Doppellöwenkeule</title></symbol>
						<symbol><title>Löwenstab</title></symbol>
						<symbol><title>Adlerstab</title></symbol>
					</line>
					<line number="4">
						<symbol><title>Vogel-auf-d.-Stange</title></symbol>
						<symbol><title>Schlange</title></symbol>
						<symbol><title>Blitzbündel</title></symbol>
						<symbol><title>Rind</title></symbol>
					</line>
				</side>
		    </docText>
		</document>
		
		<document type="Kudduru" group="4">
		    <description>49</description>
		    <docText>
				<line number="1">
					<symbol><title>Mondsichel</title></symbol>
				</line>
				<line number="2">
					<symbol><title>Stern</title></symbol>
					<symbol><title>Sonnenscheibe</title></symbol>
				</line>
				<line number="3">
					<symbolUnit>
						<symbol><title>Hörnerkrone</title></symbol>
						<symbol><title>Symbolsockel</title></symbol>
					</symbolUnit>
					<symbolUnit>
						<symbol><title>Hörnerkrone</title></symbol>
						<symbol><title>Symbolsockel</title></symbol>
					</symbolUnit>
					<symbol><title>Symbolsockel</title></symbol>
				</line>
				<line number="4">
					<symbol><title>Lampe</title></symbol>
				</line>
				<line number="5">
					<symbol><title>Göttinnen</title></symbol>
					<symbol><title>Skorpion</title></symbol>
					<symbol><title>Hund</title></symbol>
					<symbol><title>Schlange</title></symbol>
				</line>
		    </docText>
		</document>
		
		<document type="Kudduru" group="4">
		    <description>50</description>
		    <docText>
				<line number="1">
					<symbol><title>Symbolsockel</title></symbol>
					<symbol><title>Schlangendrache</title></symbol>
				</line>
				<line number="2">
					<symbolUnit>
						<symbol><title>Göttinnen</title></symbol>
						<symbol><title>Symbolsockel</title></symbol>
					</symbolUnit>
					<symbol><title>Doppellöwenkeule</title></symbol>
					<symbol><title>Lampe</title></symbol>
					<symbol><title>Skorpion</title></symbol>
					<symbol><title>Schreitender-Vogel</title></symbol>
					<symbol><title>Hund</title></symbol>
					<symbol><title>Blitzbündel</title></symbol>
				</line>
				<line number="3">
					<symbol><title>Schlange</title></symbol>
				</line>
		    </docText>
		</document>
		
		<document type="Kudduru" group="4">
		    <description>55</description>
		    <docText>
				<line number="1">
					<symbol reliability="uncertain"><title>Mondsichel</title></symbol>
				</line>
				<line number="2">
					<symbol><title>Göttinnen</title></symbol>
				</line>
		    </docText>
		</document>
		
		<document type="Kudduru" group="4">
		    <description>56</description>
		    <docText>
				<line number="1">
					<symbol><title>Göttinnen</title></symbol>
					<symbolUnit>
						<symbol><title>Hörnerkrone</title></symbol>
						<symbol><title>Symbolsockel</title></symbol>
					</symbolUnit>
				</line>
				<line number="2">
					<symbol><title>Hund</title></symbol>
				</line>
		    </docText>
		</document>
		
		<document type="Kudduru" group="4">
		    <description>57</description>
		    <docText>
				<symbol><title>Göttinnen</title></symbol>
		    </docText>
		</document>
		
		<document type="Kudduru" group="4">
		    <description>58</description>
		    <docText>
				<symbol><title>Göttinnen</title></symbol>
		    </docText>
		</document>
		
		<document type="Kudduru" group="4">
		    <description>60</description>
		    <docText>
				<line number="1">
					<symbol><title>Göttinnen</title></symbol>
					<symbol reliability="uncertain"><title>Herrscher</title></symbol>
				</line>
				<line number="2">
					<symbol><title>Kultszenen</title></symbol>
				</line>
		    </docText>
		</document>
		
		<document type="Kudduru" group="4">
		    <description>61, Marduk-appla-iddina I. Zeit</description>
		    <docText>
				<circle>
					<symbol><title>Schlange</title></symbol>
				</circle>
				<circle>
					<symbol><title>Skorpion</title></symbol>
					<symbol><title>Sonnenscheibe</title></symbol>
					<symbol><title>Stern</title></symbol>
					<symbol><title>Mondsichel</title></symbol>
					<symbol><title>Lampe</title></symbol>
				</circle>
				<circle>
					<symbol><title>Löwenstab</title></symbol>
					<symbol><title>Hund</title></symbol>
					<symbol><title>Ziegenfisch</title></symbol>
					<symbolUnit>
						<symbol><title>Widderstab</title></symbol>
						<symbol><title>Symbolsockel</title></symbol>
					</symbolUnit>
					<symbolUnit>
						<symbol><title>Hörnerkrone</title></symbol>
						<symbol><title>Symbolsockel</title></symbol>
					</symbolUnit>
					<symbolUnit>
						<symbol><title>Hörnerkrone</title></symbol>
						<symbol><title>Symbolsockel</title></symbol>
					</symbolUnit>
					<symbol><title>Vogel-auf-d.-Stange</title></symbol>
					<symbol><title>Schreitender-Vogel</title></symbol>
					<symbol><title>Spaten</title></symbol>
					<symbolUnit>
						<symbol><title>Blitzbündel</title></symbol>
						<symbol><title>Rind</title></symbol>
					</symbolUnit>
					<symbol><title>Doppellöwenkeule</title></symbol>
					<symbol><title>Schlangendrache</title></symbol>
					<symbolUnit>
						<symbol><title>Schreibgerät</title></symbol>
						<symbol><title>Symbolsockel</title></symbol>
					</symbolUnit>
					<symbol><title>Adlerstab</title></symbol>
				</circle>
		    </docText>
		</document>
		
		<document type="Kudduru" group="5">
		    <description>62, Marduk-appla-iddina I. Zeit</description>
		    <docText>
			<line number="1">
				<symbol><title>Mondsichel</title></symbol>
				<symbol><title>Sonnenscheibe</title></symbol>
				<symbol><title>Stern</title></symbol>
				<symbol><title>Lampe</title></symbol>
			</line>
			<line number="2">
				<symbol><title>Adlerstab</title></symbol>
				<symbol><title>Löwenstab</title></symbol>
				<symbol><title>Hund</title></symbol>
				<symbol><title>Skorpion</title></symbol>
				<symbolUnit>
					<symbol><title>Schreitender-Vogel</title></symbol>
					<symbol><title>Band</title></symbol>
					<symbol><title>Symbolsockel</title></symbol>
				</symbolUnit>
			</line>
			<line number="3">
				<symbol><title>Vogel-auf-d.-Stange</title></symbol>
				<symbolUnit>
					<symbol><title>Blitzbündel</title></symbol>
					<symbol><title>Rind</title></symbol>
				</symbolUnit>
				<symbolUnit>
					<symbol><title>Spaten</title></symbol>
					<symbol><title>Schlangendrache</title></symbol>
				</symbolUnit>
				<symbol><title>Stufenturm</title></symbol>
				<symbol><title>Schreibgerät</title></symbol>
				<symbol><title>Schlangendrache</title></symbol>
			</line>
			<line number="4">
				<symbol><title>Schildkröte</title></symbol>
				<symbol><title>Ziegenfisch</title></symbol>
				<symbol><title>Widderstab</title></symbol>
				<symbol><title>Löwendrache</title></symbol>
			</line>
			<line number="5">
				<symbol><title>Schlange</title></symbol>
			</line>
		    </docText>
		</document>
		
		<document type="Kudduru" group="5">
		    <description>63</description>
		    <docText>
				<line number="1">
					<symbol><title>Mondsichel</title></symbol>
					<symbol><title>Sonnenscheibe</title></symbol>
					<symbol><title>Stern</title></symbol>
				</line>
				<line number="2">
					<symbolUnit>
						<symbol><title>Katze</title></symbol>
						<symbol><title>Symbolsockel</title></symbol>
					</symbolUnit>
					<symbolUnit>
						<symbol><title>Schakal</title></symbol>
						<symbol><title>Symbolsockel</title></symbol>
					</symbolUnit>
					<symbol><title>Ziegenfisch</title></symbol>
				</line>
				<line number="3">
					<symbolUnit>
						<symbol><title>Spaten</title></symbol>
						<symbol><title>Schlangendrache</title></symbol>
						<symbol><title>Symbolsockel</title></symbol>
					</symbolUnit>
					<symbolUnit>
						<symbol><title>Schreibgerät</title></symbol>
						<symbol><title>Schlangendrache</title></symbol>
						<symbol><title>Symbolsockel</title></symbol>
					</symbolUnit>
					<symbolUnit>
						<symbol><title>Vogel-m.-zurückgew.-Kopf</title></symbol>
						<symbol><title>Symbolsockel</title></symbol>
					</symbolUnit>
					<symbolUnit>
						<symbol><title>Hund</title></symbol>
						<symbol><title>Symbolsockel</title></symbol>
					</symbolUnit>
					<symbolUnit>
						<symbol><title>Blitzbündel</title></symbol>
						<symbol><title>Rind</title></symbol>
						<symbol><title>Symbolsockel</title></symbol>
					</symbolUnit>
				</line>
				<line number="4">
					<symbolUnit>
						<symbol><title>Löwenstab</title></symbol>
						<symbol><title>Symbolsockel</title></symbol>
					</symbolUnit>
					<symbolUnit>
						<symbol><title>Doppellöwenkeule</title></symbol>
						<symbol><title>Symbolsockel</title></symbol>
					</symbolUnit>
					<symbolUnit>
						<symbol><title>Vogel-auf-d.-Stange</title></symbol>
						<symbol><title>Symbolsockel</title></symbol>
					</symbolUnit>
					<symbolUnit>
						<symbol><title>Symbolsockel</title></symbol>
					</symbolUnit>
					<symbolUnit>
						<symbol><title>Schreitender-Vogel</title></symbol>
						<symbol><title>Symbolsockel</title></symbol>
					</symbolUnit>
					<symbolUnit>
						<symbol><title>Rechteck</title></symbol>
						<symbol><title>Symbolsockel</title></symbol>
					</symbolUnit>
					<symbolUnit>
						<symbol><title>Bündel-u.-Keulen</title></symbol>
						<symbol><title>Symbolsockel</title></symbol>
					</symbolUnit>
				</line>
				<line number="5">
					<symbol><title>Kentaur</title></symbol>
					<symbol><title>Löwendrache</title></symbol>
					<symbol><title>Lampe</title></symbol>
					<symbol><title>Aufger.-steh.-Tiermenschen</title></symbol>
					<symbol><title>Löwenmensch</title></symbol>
				</line>
		    </docText>
		</document>
		
		<document type="Kudduru" group="5">
		    <description>64</description>
		    <docText>
				<line number="1">
					<symbol reliability="uncertain"><title>Kentaur</title></symbol>
					<symbol reliability="uncertain"><title>Menschenskorpion</title></symbol>
				</line>
				<line number="2">
					<symbol><title>Aufger.-steh.-Tiermenschen</title><description>with a skorpion tail</description></symbol>
					<symbolUnit>
						<symbol><title>Götter</title></symbol>
						<symbol><title>Wasserspr.-Gefäß</title></symbol>
					</symbolUnit>
					<symbol><title>Löwenmensch</title></symbol>
				</line>
				<line number="3">
					<symbolUnit>
						<symbol><title>Vogel-m.-zurückgew.-Kopf</title></symbol>
						<symbol><title>Vogel-auf-d.-Stange</title></symbol>
						<symbol reliability="uncertain"><title>Spaten</title></symbol>
						<symbol><title>Schrein</title></symbol>
					</symbolUnit>
					<symbolUnit>
						<symbol><title>Lampe</title></symbol>
						<symbol reliability="uncertain"><title>Symbolsockel</title></symbol>
					</symbolUnit>
					<symbol><title>Bündel-u.-Keulen</title></symbol>
					<symbol reliability="uncertain"><title>Symbolsockel</title></symbol>
					<symbol><title>Schlange</title></symbol>
				</line>
			</docText>
		</document>
		
		<document type="Kudduru" group="5">
		    <description>65</description>
		    <docText>
				<side number="A">
					<line number="1">
						<symbol><title>Löwenmensch</title></symbol>
						<symbol><title>Doppellöwenkeule</title></symbol>
						<symbolUnit>
							<symbol><title>Hörnerkrone</title></symbol>
							<symbol><title>Symbolsockel</title></symbol>
						</symbolUnit>
					</line>
					<line number="2">
						<symbolUnit>
							<symbol><title>Band</title></symbol>
							<symbol><title>Symbolsockel</title></symbol>
						</symbolUnit>
					</line>
				</side>
				<side number="B">
					<line number="1">
						<symbol><title>Löwendrache</title></symbol>
						<symbol><title>Blitzbündel</title></symbol>
						<symbol><title>Mondsichel</title></symbol>
						<symbol><title>Stern</title></symbol>
					</line>
					<line number="2">
						<symbol reliability="uncertain"><title>Vogel-auf-d.-Stange</title></symbol>
					</line>
				</side>
		    </docText>
		</document>
			
		<document type="Kudduru" group="5">
		    <description>66, Enlil-nā̄din-aḫi Zeit</description>
		    <docText>
				<line number="1">
					<symbol reliability="uncertain"><title>Mondsichel</title></symbol>
				</line>
				<line number="2">
					<symbol><title>Einzelner-Pfeil</title></symbol>
					<symbol><title>Sonnenscheibe</title></symbol>
				</line>
				<line number="3">
					<symbol><title>Schlange</title></symbol>
				</line>
				<line number="4">
					<symbol><title>Skorpion</title></symbol>
					<symbol><title>Schreitender-Vogel</title></symbol>
					<symbol><title>Hund</title></symbol>
				</line>
				<line number="5">
					<symbol><title>Löwendrache</title></symbol>
					<symbol><title>Wasserspr.-Gefäß</title></symbol>
					<symbolUnit>
						<symbol><title>Schrein</title></symbol>
						<symbol reliability="uncertain"><title>Spaten</title></symbol>
					</symbolUnit>
					<symbol><title>Rind</title></symbol>
				</line>
		    </docText>
		</document>
			
		<document type="Kudduru" group="6">
		    <description>67, Nabû-kudurrī-uṣur I. Zeit</description>
		    <docText>
				<line number="1">
					<symbol><title>Schlange</title><description>goes along the side of the entire stone, all the lines</description></symbol>
					<symbol><title>Stern</title></symbol>
					<symbol><title>Mondsichel</title></symbol>
					<symbol><title>Sonnenscheibe</title></symbol>
				</line>
				<line number="2">
					<symbolUnit>
						<symbol><title>Hörnerkrone</title></symbol>
						<symbol><title>Symbolsockel</title></symbol>
					</symbolUnit>
					<symbolUnit>
						<symbol><title>Hörnerkrone</title></symbol>
						<symbol><title>Symbolsockel</title></symbol>
					</symbolUnit>
					<symbolUnit>
						<symbol><title>Hörnerkrone</title></symbol>
						<symbol><title>Symbolsockel</title></symbol>
					</symbolUnit>
				</line>
				<line number="3">
					<symbolUnit>
						<symbol><title>Spaten</title></symbol>
						<symbol><title>Symbolsockel</title></symbol>
						<symbol><title>Schlangendrache</title></symbol>
					</symbolUnit>
					<symbolUnit>
						<symbol><title>Schreibgerät</title></symbol>
						<symbol><title>Symbolsockel</title></symbol>
					</symbolUnit>
					<symbolUnit>
						<symbol><title>Band</title></symbol>
						<symbol><title>Symbolsockel</title></symbol>
						<symbol><title>Ziegenfisch</title></symbol>
					</symbolUnit>
				</line>
				<line number="4">
					<symbol><title>Adlerstab</title></symbol>
					<symbolUnit>
						<symbol><title>Widderstab</title></symbol>
						<symbol><title>Löwenstab</title></symbol>
					</symbolUnit>
					<symbol><title>Pferdekopf</title></symbol>
					<symbol><title>Vogel-auf-d.-Stange</title></symbol>
				</line>
				<line number="5">
					<symbolUnit>
						<symbol><title>Symbolsockel</title></symbol>
					<symbol><title>Hund</title></symbol>
					</symbolUnit>
				</line>
				<line number="6">
					<symbol><title>Schildkröte</title></symbol>
					<symbol><title>Lampe</title></symbol>
				</line>
				<line number="7">
					<symbolUnit>
						<symbol><title>Blitzbündel</title></symbol>
						<symbol><title>Rind</title></symbol>
					</symbolUnit>
					<symbol><title>Skorpion</title></symbol>
				</line>
		    </docText>
		</document>
			
		<document type="Kudduru" group="6">
		    <description>68, Nabû-kudurrī-uṣur I. Zeit</description>
		    <docText>
				<side number="A">
					<symbol><title>Vogel-auf-d.-Stange</title></symbol>
					<symbol><title>Schlange</title></symbol>
				</side>
				<side number="B">
					<circle>
						<line number="1">
							<symbol><title>Sonnenscheibe</title></symbol>
							<symbolUnit>
								<symbol><title>Mondsichel</title></symbol>
								<symbol><title>Stern</title></symbol>
							</symbolUnit>
						</line>
						<line number="2">
							<symbol><title>Hund</title></symbol>
							<symbol><title>Skorpion</title></symbol>
							<symbolUnit>
								<symbol><title>Band</title></symbol>
								<symbol><title>Symbolsockel</title></symbol>
							</symbolUnit>
							<symbolUnit>
								<symbol><title>Löwenstab</title></symbol>
								<symbol><title>Pflock</title></symbol>
							</symbolUnit>
							<symbolUnit>
								<symbol><title>Hörnerkrone</title></symbol>
								<symbol><title>Symbolsockel</title></symbol>
							</symbolUnit>
							<symbolUnit>
								<symbol><title>Adlerstab</title></symbol>
								<symbol><title>Pflock</title></symbol>
							</symbolUnit>
							<symbolUnit>
								<symbol><title>Hörnerkrone</title></symbol>
								<symbol><title>Symbolsockel</title></symbol>
							</symbolUnit>
							<symbolUnit>
								<symbol><title>Schlangendrache</title></symbol>
								<symbol><title>Pflock</title></symbol>
							</symbolUnit>
							<symbol><title>Schreibgerät</title></symbol>
							<symbolUnit>
								<symbol><title>Spaten</title></symbol>
								<symbol><title>Symbolsockel</title></symbol>
							</symbolUnit>
							<symbol><title>Bogen</title></symbol>
							<symbol><title>Blitzbündel</title></symbol>
						</line>
					</circle>
				</side>
						<symbol><title>Schildkröte</title></symbol>
		    </docText>
		</document>
			
		<document type="Kudduru" group="6">
		    <description>69</description>
		    <docText>
				<side number="A">
					<line number="1">
						<symbol><title>Mondsichel</title></symbol>
						<symbol><title>Sonnenscheibe</title></symbol>
						<symbol><title>Stern</title></symbol>
						<symbol><title>Hund</title></symbol>
					</line>
					<line number="2">
						<symbol reliability="uncertain"><title>Ziegenfisch</title></symbol>
						<symbol reliability="uncertain"><title>Widderstab</title></symbol>
					</line>
					<line number="3">
						<symbolUnit>
							<symbol><title>Hörnerkrone</title></symbol>
							<symbol><title>Symbolsockel</title></symbol>
						</symbolUnit>
						<symbolUnit>
							<symbol><title>Hörnerkrone</title></symbol>
							<symbol><title>Symbolsockel</title></symbol>
						</symbolUnit>
					</line>
					<line number="4">
						<symbolUnit>
							<symbol><title>Band</title></symbol>
							<symbol><title>Symbolsockel</title></symbol>
						</symbolUnit>
						<symbol><title>Doppellöwenkeule</title></symbol>
						<symbol><title>Symbolsockel</title></symbol>
					</line>
				</side>
				<side number="B">
					<symbol><title>Schlange</title></symbol>
				</side>
				<side number="C">
					<symbol reliability="uncertain"><title>Schlangendrache</title></symbol>
				</side>
		    </docText>
		</document>
			
		<document type="Kudduru" group="6">
		    <description>70</description>
		    <docText>
				<line number="1">
					<symbol><title>Hund</title></symbol>
				</line>
				<line number="2">
					<symbol><title>Schreitender-Vogel</title></symbol>
				</line>
				<line number="3">
					<symbol><title>Pflock</title></symbol>
				</line>
		    </docText>
		</document>
			
		<document type="Kudduru" group="6">
		    <description>71, Enlil-nā̄din-apli Zeit</description>
		    <docText>
				<symbol><title>Mondsichel</title></symbol>
				<symbol><title>Sonnenscheibe</title></symbol>
				<symbol><title>Stern</title></symbol>
				<symbol><title>Blitzbündel</title></symbol>
				<symbol><title>Symbolsockel</title></symbol>
				<symbol><title>Hörnerkrone</title></symbol>
				<symbol><title>Spaten</title></symbol>
				<symbol><title>Schreibgerät</title></symbol>
				<symbol><title>Lampe</title></symbol>
				<symbol><title>Hund</title></symbol>
				<symbol><title>Skorpion</title></symbol>
				<symbol><title>Schlange</title></symbol>
				<symbol><title>Schildkröte</title></symbol>
				<symbol><title>Löwenstab</title></symbol>
				<symbol><title>Band</title></symbol>
				<symbol><title>Bogen</title></symbol>
				<symbol><title>Rechteck</title></symbol>
		    </docText>
		</document>
			
		<document type="Kudduru" group="6">
		    <description>72</description>
		    <docText>
				<line number="1">
					<symbol><title>Schlange</title><description>along the left side of the entire stone</description></symbol>
					<symbol><title>Mondsichel</title></symbol>
					<symbol><title>Stern</title></symbol>
					<symbol><title>Sonnenscheibe</title></symbol>
				</line>
				<line number="2">
					<symbolUnit>
						<symbol><title>Hörnerkrone</title></symbol>
						<symbol><title>Symbolsockel</title></symbol>
					</symbolUnit>
					<symbolUnit>
						<symbol><title>Hörnerkrone</title></symbol>
						<symbol><title>Symbolsockel</title></symbol>
					</symbolUnit>
					<symbolUnit>
						<symbol><title>Schildkröte</title></symbol>
						<symbol><title>Symbolsockel</title></symbol>
					</symbolUnit>
					<symbolUnit>
						<symbol><title>Band</title></symbol>
						<symbol><title>Symbolsockel</title></symbol>
					</symbolUnit>
					<symbol><title>Spaten</title></symbol>
					<symbol reliability="uncertain"><title>Schreibgerät</title></symbol>
				</line>
				<line number="3">
					<symbol><title>Hund</title></symbol>
					<symbol><title>Löwenstab</title></symbol>
					<symbol><title>Adlerstab</title></symbol>
					<symbol><title>Einzelner-Pfeil</title></symbol>
					<symbol><title>Blitzbündel</title></symbol>
				</line>
				<line number="4">
					<symbol><title>Vogel-auf-d.-Stange</title></symbol>
					<symbol><title>Schreitender-Vogel</title></symbol>
					<symbol reliability="uncertain"><title>Skorpion</title></symbol>
					<symbol><title>Lampe</title></symbol>
				</line>
		    </docText>
		</document>
			
		<document type="Kudduru" group="6">
		    <description>73</description>
		    <docText>
				<symbol reliability="uncertain"><title>Löwenstab</title></symbol>
				<symbol reliability="uncertain"><title>Adlerstab</title></symbol>
				<symbol><title>Lampe</title></symbol>
				<symbol><title>Hund</title></symbol>
		    </docText>
		</document>
			
		<document type="Kudduru" group="7">
		    <description>74</description>
		    <docText>
				<side number="A">
					<line number="1">
						<symbol><title>Mondsichel</title></symbol>
						<symbol><title>Stern</title></symbol>
						<symbol><title>Sonnenscheibe</title></symbol>
						<symbol><title>Schlange</title><description>along the right side of the entire stone</description></symbol>
					</line>
					<line number="2">
						<symbolUnit>
							<symbol><title>Hörnerkrone</title></symbol>
							<symbol><title>Symbolsockel</title></symbol>
						</symbolUnit>
						<symbolUnit>
							<symbol><title>Hörnerkrone</title></symbol>
							<symbol><title>Symbolsockel</title></symbol>
						</symbolUnit>
						<symbolUnit>
							<symbol><title>Schildkröte</title></symbol>
							<symbol><title>Symbolsockel</title></symbol>
						</symbolUnit>
						<symbolUnit>
							<symbol><title>Band</title></symbol>
							<symbol><title>Symbolsockel</title></symbol>
						</symbolUnit>
					</line>
					<line number="3">
						<symbolUnit>
							<symbol><title>Spaten</title></symbol>
							<symbol><title>Symbolsockel</title></symbol>
							<symbol><title>Schlangendrache</title></symbol>
						</symbolUnit>
						<symbolUnit>
							<symbol><title>Schreibgerät</title></symbol>
							<symbol><title>Symbolsockel</title></symbol>
							<symbol><title>Schlangendrache</title></symbol>
						</symbolUnit>
					</line>
					<line number="4">
						<symbolUnit>
							<symbol><title>Göttinnen</title></symbol>
							<symbol><title>Symbolsockel</title></symbol>
							<symbol><title>Hund</title></symbol>
						</symbolUnit>
						<symbol><title>Lampe</title></symbol>
						<symbol><title>Vogel-auf-d.-Stange</title></symbol>
						<symbol><title>Einzelner-Pfeil</title></symbol>
					</line>
					<line number="5">
						<symbol><title>Löwenstab</title></symbol>
						<symbol><title>Adlerstab</title></symbol>
						<symbol><title>Blitzbündel</title></symbol>
						<symbol><title>Schreitender-Vogel</title></symbol>
						<symbol><title>Skorpion</title></symbol>
					</line>
				</side>
				<side number="B">
					<symbol><title>Herrscher</title></symbol>
				</side>
		    </docText>
		</document>
			
		<document type="Kudduru" group="7">
		    <description>75</description>
		    <docText>
				<line number="1">
					<symbol><title>Mondsichel</title></symbol>
					<symbol><title>Stern</title></symbol>
					<symbol><title>Sonnenscheibe</title></symbol>
					<symbolUnit>
						<symbol><title>Hörnerkrone</title></symbol>
						<symbol><title>Symbolsockel</title></symbol>
					</symbolUnit>
					<symbolUnit>
						<symbol><title>Hörnerkrone</title></symbol>
						<symbol><title>Symbolsockel</title></symbol>
					</symbolUnit>
				</line>
				<line number="2">
					<symbolUnit>
						<symbol><title>Adlerstab</title></symbol>
						<symbol><title>Symbolsockel</title></symbol>
						<symbol><title>Ziegenfisch</title></symbol>
					</symbolUnit>
					<symbolUnit>
						<symbol><title>Schreibgerät</title></symbol>
						<symbol><title>Symbolsockel</title></symbol>
						<symbol><title>Schlangendrache</title></symbol>
					</symbolUnit>
					<symbolUnit>
						<symbol><title>Spaten</title></symbol>
						<symbol><title>Symbolsockel</title></symbol>
						<symbol><title>Schlangendrache</title></symbol>
					</symbolUnit>
				</line>
				<line number="3">
					<symbolUnit>
						<symbol><title>Göttinnen</title></symbol>
						<symbol><title>Symbolsockel</title></symbol>
						<symbol><title>Hund</title></symbol>
					</symbolUnit>
					<symbol><title>Lampe</title></symbol>
					<symbol><title>Einzelner-Pfeil</title></symbol>
					<symbol><title>Widderstab</title></symbol>
					<symbol><title>Löwenstab</title></symbol>
					<symbol><title>Blitzbündel</title></symbol>
					<symbol><title>Vogel-auf-d.-Stange</title></symbol>
					<symbol><title>Skorpion</title></symbol>
					<symbol><title>Schreitender-Vogel</title></symbol>
				</line>
				<line number="4">
					<symbol><title>Schlange</title></symbol>
				</line>
		    </docText>
		</document>
			
		<document type="Kudduru" group="7">
		    <description>76, Marduk-nā̄din-aḫḫē Zeit</description>
		    <docText>
				<side number="A">
					<symbol><title>Spaten</title></symbol>
					<symbol><title>Herrscher</title></symbol>
					<symbol reliability="uncertain"><title>Ziegenfisch</title></symbol>
				</side>
				<side number="B">
					<line number="1">
						<symbol><title>Schlange</title></symbol>
						<symbol><title>Skorpion</title></symbol>
					</line>
					<line number="2">
						<symbol><title>Stern</title></symbol>
						<symbol><title>Sonnenscheibe</title></symbol>
						<symbol><title>Mondsichel</title></symbol>
					</line>
				</side>
				<side number="C">
					<symbolUnit>
						<symbol><title>Widderstab</title></symbol>
						<symbol><title>Symbolsockel</title></symbol>
					</symbolUnit>
					<symbolUnit>
					<symbol><title>Schlangendrache</title></symbol>
						<symbol><title>Schreibgerät</title></symbol>
						<symbol><title>Symbolsockel</title></symbol>
					</symbolUnit>
					<symbolUnit>
						<symbol><title>Hörnerkrone</title></symbol>
						<symbol><title>Symbolsockel</title></symbol>
					</symbolUnit>
					<symbolUnit>
						<symbol><title>Hörnerkrone</title></symbol>
						<symbol><title>Symbolsockel</title></symbol>
					</symbolUnit>
				</side>
		    </docText>
		</document>
			
		<document type="Kudduru" group="7">
		    <description>78</description>
		    <docText>
				<circle>
					<line number="1">
						<symbol><title>Mondsichel</title></symbol>
						<symbol><title>Sonnenscheibe</title></symbol>
						<symbol><title>Stern</title></symbol>
						<symbol><title>Schlange</title></symbol>
						<symbol><title>Lampe</title></symbol>
					</line>
					<line number="2">
						<symbolUnit>
							<symbol><title>Band</title></symbol>
							<symbol><title>Symbolsockel</title></symbol>
						</symbolUnit>
						<symbolUnit>
							<symbol><title>Symbolsockel</title></symbol>
							<symbol><title>Ziegenfisch</title></symbol>
						</symbolUnit>
						<symbolUnit>
							<symbol><title>Widderstab</title></symbol>
							<symbol><title>Hörnerkrone</title></symbol>
							<symbol><title>Symbolsockel</title></symbol>
						</symbolUnit>
						<symbolUnit>
							<symbol><title>Hörnerkrone</title></symbol>
							<symbol><title>Symbolsockel</title></symbol>
						</symbolUnit>
						<symbol><title>Skorpion</title></symbol>
						<symbol><title>Vogel-auf-d.-Stange</title></symbol>
						<symbol><title>Schreitender-Vogel</title></symbol>
						<symbol><title>Adlerstab</title></symbol>
						<symbol><title>Löwenstab</title></symbol>
						<symbol><title>Hund</title></symbol>
					</line>
					<line number="3">
						<symbol><title>Einzelner-Pfeil</title></symbol>
						<symbol><title>Blitzbündel</title></symbol>
						<symbolUnit>
							<symbol><title>Schreibgerät</title></symbol>
							<symbol><title>Symbolsockel</title></symbol>
							<symbol><title>Schlangendrache</title></symbol>
						</symbolUnit>
						<symbolUnit>
							<symbol><title>Spaten</title></symbol>
							<symbol><title>Symbolsockel</title></symbol>
							<symbol><title>Schlangendrache</title></symbol>
						</symbolUnit>
					</line>
				</circle>
		    </docText>
		</document>
			
		<document type="Kudduru" group="7">
		    <description>79</description>
		    <docText>
				<side number="A">
					<circle>
						<line number="1">
							<symbol><title>Mondsichel</title></symbol>
							<symbol><title>Sonnenscheibe</title></symbol>
							<symbol><title>Stern</title></symbol>
							<symbol><title>Schlange</title></symbol>
							<symbol><title>Lampe</title></symbol>
						</line>
						<line number="2">
							<symbolUnit>
								<symbol><title>Spaten</title></symbol>
								<symbol><title>Symbolsockel</title></symbol>
								<symbol><title>Schlangendrache</title></symbol>
							</symbolUnit>
							<symbol><title>Doppellöwenkeule</title></symbol>
							<symbol><title>Skorpion</title></symbol>
							<symbolUnit>
								<symbol><title>Schreibgerät</title></symbol>
								<symbol><title>Symbolsockel</title></symbol>
								<symbol><title>Schlangendrache</title></symbol>
							</symbolUnit>
							<symbol><title>Band</title></symbol>
							<symbol><title>Hund</title></symbol>
							<symbol><title>Einzelner-Pfeil</title></symbol>
							<symbol><title>Vogel-auf-d.-Stange</title></symbol>
							<symbol><title>Blitzbündel</title></symbol>
							<symbolUnit>
								<symbol><title>Hörnerkrone</title></symbol>
								<symbol><title>Symbolsockel</title></symbol>
							</symbolUnit>
							<symbolUnit>
								<symbol><title>Hörnerkrone</title></symbol>
								<symbol><title>Symbolsockel</title></symbol>
							</symbolUnit>
							<symbolUnit>
								<symbol><title>Schildkröte</title></symbol>
								<symbol><title>Symbolsockel</title></symbol>
							</symbolUnit>
							<symbol><title>Einzelner-Keule</title></symbol>
							<symbol><title>Schreitender-Vogel</title></symbol>
						</line>
					</circle>
				</side>
				<side number="B">
					<symbol><title>Herrscher</title></symbol>
				</side>
		    </docText>
		</document>
			
		<document type="Kudduru" group="7">
		    <description>80, Marduk-nā̄din-aḫḫē Zeit</description>
		    <docText>
				<circle>
					<line number="1">
						<symbol><title>Sonnenscheibe</title></symbol>
						<symbol><title>Mondsichel</title></symbol>
						<symbol><title>Stern</title></symbol>
					</line>
					<line number="2">
						<symbol><title>Einzelner-Keule</title></symbol>
						<symbol><title>Lampe</title></symbol>
						<symbol><title>Schreitender-Vogel</title></symbol>
						<symbol><title>Skorpion</title></symbol>
						<symbol><title>Doppellöwenkeule</title></symbol>
						<symbol><title>Band</title></symbol>
						<symbol><title>Blitzbündel</title></symbol>
					</line>
					<line number="3">
						<symbolUnit>
							<symbol><title>Spaten</title></symbol>
							<symbol><title>Symbolsockel</title></symbol>
							<symbol><title>Schlangendrache</title></symbol>
						</symbolUnit>
						<symbol><title>Einzelner-Pfeil</title></symbol>
						<symbol><title>Vogel-auf-d.-Stange</title></symbol>
						<symbol><title>Hund</title></symbol>
						<symbolUnit>
							<symbol><title>Hörnerkrone</title></symbol>
							<symbol><title>Symbolsockel</title></symbol>
						</symbolUnit>
						<symbolUnit>
							<symbol><title>Hörnerkrone</title></symbol>
							<symbol><title>Symbolsockel</title></symbol>
						</symbolUnit>
						<symbolUnit>
							<symbol><title>Schreibgerät</title></symbol>
							<symbol><title>Symbolsockel</title></symbol>
							<symbol><title>Schlangendrache</title></symbol>
						</symbolUnit>
						<symbolUnit>
							<symbol><title>Widderstab</title></symbol>
							<symbol><title>Symbolsockel</title></symbol>
							<symbol><title>Ziegenfisch</title></symbol>
						</symbolUnit>
					</line>
					<line number="4">
						<symbol><title>Schlange</title></symbol>
					</line>
				</circle>
		    </docText>
		</document>
			
		<document type="Kudduru" group="7">
		    <description>81, Marduk-nā̄din-aḫḫē Zeit</description>
		    <docText>
				<symbol><title>Herrscher</title></symbol>
		    </docText>
		</document>
			
		<document type="Kudduru" group="7">
		    <description>82</description>
		    <docText>
				<line number="1">
					<symbol><title>Stern</title></symbol>
					<symbol><title>Lampe</title></symbol>
					<symbol><title>Adlerstab</title></symbol>
					<symbol><title>Einzelner-Keule</title></symbol>
					<symbol><title>Schlange</title></symbol>
				</line>
				<line number="2">
					<symbolUnit>
						<symbol><title>Hörnerkrone</title></symbol>
						<symbol><title>Symbolsockel</title></symbol>
					</symbolUnit>
					<symbolUnit>
						<symbol><title>Widderstab</title></symbol>
						<symbol><title>Symbolsockel</title></symbol>
						<symbol><title>Ziegenfisch</title></symbol>
					</symbolUnit>
					<symbolUnit>
						<symbol><title>Band</title></symbol>
						<symbol><title>Symbolsockel</title></symbol>
					</symbolUnit>
					<symbolUnit>
						<symbol><title>Spaten</title></symbol>
						<symbol><title>Symbolsockel</title></symbol>
						<symbol><title>Schlangendrache</title></symbol>
					</symbolUnit>
					<symbol><title>Blitzbündel</title></symbol>
					<symbolUnit>
						<symbol><title>Bündel-u.-Keulen</title></symbol>
						<symbol><title>Symbolsockel</title></symbol>
						<symbol><title>Schlangendrache</title></symbol>
					</symbolUnit>
					<symbol reliability="uncertain"><title>Schreibgerät</title></symbol>
				</line>
		    </docText>
		</document>
			
		<document type="Kudduru" group="7">
		    <description>83</description>
		    <docText>
				<line number="1">
					<symbol><title>Schlange</title></symbol>
				</line>
				<line number="2">
					<symbol><title>Mondsichel</title></symbol>
					<symbol><title>Stern</title></symbol>
					<symbol><title>Sonnenscheibe</title></symbol>
				</line>
				<line number="3">
					<symbolUnit>
						<symbol><title>Hörnerkrone</title></symbol>
						<symbol><title>Symbolsockel</title></symbol>
					</symbolUnit>
					<symbolUnit>
						<symbol><title>Hörnerkrone</title></symbol>
						<symbol><title>Symbolsockel</title></symbol>
					</symbolUnit>
					<symbolUnit>
						<symbol><title>Schildkröte</title></symbol>
						<symbol><title>Symbolsockel</title></symbol>
						<symbol><title>Ziegenfisch</title></symbol>
					</symbolUnit>
				</line>
				<line number="4">
					<symbolUnit>
						<symbol><title>Spaten</title></symbol>
						<symbol><title>Symbolsockel</title></symbol>
					</symbolUnit>
					<symbol><title>Schlangendrache</title></symbol>
				</line>
		    </docText>
		</document>
			
		<document type="Kudduru" group="7">
		    <description>84</description>
		    <docText>
				<circle>
					<line number="1">
						<symbol><title>Mondsichel</title></symbol>
						<symbol><title>Sonnenscheibe</title></symbol>
						<symbol><title>Lampe</title></symbol>
						<symbol><title>Vogel-auf-d.-Stange</title></symbol>
						<symbol><title>Adlerstab</title></symbol>
						<symbol><title>Skorpion</title></symbol>
						<symbol><title>Löwenstab</title></symbol>
					</line>
					<line number="2">
						<symbolUnit>
							<symbol><title>Hörnerkrone</title></symbol>
							<symbol><title>Symbolsockel</title></symbol>
						</symbolUnit>
						<symbolUnit>
							<symbol><title>Hörnerkrone</title></symbol>
							<symbol><title>Symbolsockel</title></symbol>
						</symbolUnit>
						<symbolUnit>
							<symbol><title>Widderstab</title></symbol>
							<symbol><title>Symbolsockel</title></symbol>
							<symbol><title>Ziegenfisch</title></symbol>
						</symbolUnit>
						<symbol><title>Schlangendrache</title></symbol>
						<symbolUnit>
							<symbol><title>Schreibgerät</title></symbol>
							<symbol><title>Symbolsockel</title></symbol>
							<symbol><title>Schlangendrache</title></symbol>
						</symbolUnit>
						<symbol><title>Blitzbündel</title></symbol>
						<symbol><title>Schreitender-Vogel</title></symbol>
						<symbol><title>Hund</title></symbol>
						<symbol><title>Schlange</title></symbol>
					</line>
				</circle>
		    </docText>
		</document>
			
		<document type="Kudduru" group="7">
		    <description>85</description>
		    <docText>
			<line number="1">
				<symbol><title>Stern</title></symbol>
				<symbol><title>Sonnenscheibe</title></symbol>
			</line>
			<line number="2">
				<symbol reliability="uncertain"><title>Schaf</title></symbol>
				<symbol><title>Schreitender-Vogel</title></symbol>
				<symbolUnit>
					<symbol><title>Symbolsockel</title></symbol>
					<symbol><title>Spaten</title></symbol>
					<symbol><title>Schlangendrache</title></symbol>
				</symbolUnit>
			</line>
		    </docText>
		</document>
			
		<document type="Kudduru" group="7">
		    <description>86, Marduk-šāpik-zēri Zeit</description>
		    <docText>
			<line number="1">
				<symbolUnit>
					<symbol><title>Widderstab</title></symbol>
					<symbol><title>Symbolsockel</title></symbol>
					<symbol><title>Ziegenfisch</title></symbol>
				</symbolUnit>
				<symbol><title>Schlange</title><description>along the left side of the entire stone</description></symbol>
				<symbol><title>Einzelne-Pfeil</title></symbol>
				<symbol><title>Skorpion</title></symbol>
			</line>
			<line number="2">
				<symbolUnit>
					<symbol><title>Göttinnen</title></symbol>
					<symbol><title>Symbolsockel</title></symbol>
					<symbol><title>Hund</title></symbol>
				</symbolUnit>
				<symbol><title>Lampe</title></symbol>
				<symbol><title>Blitzbündel</title></symbol>
				<symbol><title>Doppellöwenkeule</title></symbol>
				<symbol><title>Vogel-auf-d.-Stange</title></symbol>
			</line>
			<line number="3">
				<symbol><title>Schlangendrache</title></symbol>
				<symbol><title>Spaten</title></symbol>
				<symbol><title>Hörnerkrone</title></symbol>
			</line>
		    </docText>
		</document>
			
		<document type="Kudduru" group="7">
		    <description>88</description>
		    <docText>
				<line number="1">
					<symbol><title>Symbolsockel</title></symbol>
					<symbol><title>Symbolsockel</title></symbol>
					<symbolUnit>
						<symbol reliability="uncertain"><title>Hörnerkrone</title></symbol>
						<symbol><title>Symbolsockel</title></symbol>
					</symbolUnit>
					<symbol><title>Schlange</title><description>along the right side of all the levels</description></symbol>
				</line>
				<line number="2">
					<symbolUnit>
						<symbol><title>Spaten</title></symbol>
						<symbol><title>Symbolsockel</title></symbol>
						<symbol><title>Schlangendrache</title></symbol>
					</symbolUnit>
					<symbolUnit>
						<symbol><title>Schreibgerät</title></symbol>
						<symbol><title>Symbolsockel</title></symbol>
						<symbol reliability="uncertain"><title>Ziegenfisch</title></symbol>
					</symbolUnit>
					<symbol><title>Vogel-auf-d.-Stange</title><description>along the right side of the two lower levels</description></symbol>
				</line>
				<line number="3">
					<symbol><title>Adlerstab</title></symbol>
					<symbol><title>Löwenstab</title></symbol>
					<symbol><title>Skorpion</title></symbol>
					<symbol><title>Lampe</title></symbol>
					<symbol><title>Schreitender-Vogel</title></symbol>
				</line>
		    </docText>
		</document>
			
		<document type="Kudduru" group="7">
		    <description>89</description>
		    <docText>
				<symbol><title>Symbolsockel</title></symbol>
				<symbol><title>Schlangendrache</title></symbol>
		    </docText>
		</document>
			
		<document type="Kudduru" group="7">
		    <description>90, Adad-apla-iddina Zeit</description>
		    <docText>
				<line number="1">
					<symbol><title>Schreitender-Vogel</title></symbol>
					<symbolUnit>
						<symbol><title>Widderstab</title></symbol>
						<symbol><title>Symbolsockel</title></symbol>
					</symbolUnit>
					<symbol><title>Schlange</title></symbol>
					<symbol><title>Einzelner-Keule</title></symbol>
				</line>
				<line number="2">
					<symbolUnit>
						<symbol><title>Schreibgerät</title></symbol>
						<symbol><title>Symbolsockel</title></symbol>
					</symbolUnit>
					<symbolUnit>
						<symbol><title>Spaten</title></symbol>
						<symbol><title>Symbolsockel</title></symbol>
					</symbolUnit>
					<symbol><title>Schaf</title></symbol>
					<symbol><title>Vogel-auf-d.-Stange</title></symbol>
					<symbol reliability="uncertain"><title>Einzelner-Pfeil</title></symbol>
					<symbol><title>Hund</title></symbol>
					<symbol><title>Ähre</title></symbol>
					<symbol><title>Blitzbündel</title></symbol>
					<symbol><title>Adlerstab</title></symbol>
				</line>
		    </docText>
		</document>
			
		<document type="Kudduru" group="8">
		    <description>92, Adad-apla-iddina Zeit</description>
		    <docText>
				<side number="A">
					<symbol><title>Mondsichel</title></symbol>
					<symbol><title>Sonnenscheibe</title></symbol>
					<symbol><title>Stern</title></symbol>
					<symbolUnit>
						<symbol><title>Hörnerkrone</title></symbol>
						<symbol><title>Symbolsockel</title></symbol>
					</symbolUnit>
					<symbolUnit>
						<symbol><title>Hörnerkrone</title></symbol>
						<symbol><title>Symbolsockel</title></symbol>
					</symbolUnit>
					<symbol reliability="uncertain"><title>Ziegenfisch</title></symbol>
				</side>
				<side number="B">
					<symbol><title>Skorpion</title></symbol>
					<symbol><title>Widderstab</title></symbol>
				</side>
				<side number="C">
					<symbol><title>Schlange</title></symbol>
				</side>
		    </docText>
		</document>
			
		<document type="Kudduru" group="8">
		    <description>93, Simbar-Ši.ḪU Zeit</description>
		    <docText>
				<symbol><title>Symbolsockel</title></symbol>
				<symbol><title>Hörnerkrone</title></symbol>
				<symbol><title>Schlange</title></symbol>
				<symbol><title>Widderstab</title></symbol>
		    </docText>
		</document>
			
		<document type="Kudduru" group="8">
		    <description>94</description>
		    <docText>
			<side number="A">
				<line number="1">
					<symbol><title>Mondsichel</title></symbol>
					<symbol><title>Sonnenscheibe</title></symbol>
					<symbol><title>Stern</title></symbol>
				</line>
				<line number="2">
					<symbol><title>Skorpion</title></symbol>
				</line>
			</side>
			<side number="B">
				<line number="1">
				<symbolUnit>
					<symbol><title>Hörnerkrone</title></symbol>
					<symbol><title>Symbolsockel</title></symbol>
					<symbol><title>Schlangendrache</title></symbol>
				</symbolUnit>
				<symbolUnit>
					<symbol><title>Spaten</title></symbol>
					<symbol><title>Symbolsockel</title></symbol>
					<symbol><title>Schlangendrache</title></symbol>
				</symbolUnit>
					<symbol><title>Löwenstab</title></symbol>
					<symbol><title>Adlerstab</title></symbol>
				</line>
				<line number="2">
					<symbol><title>Schlange</title></symbol>
				</line>
				<line number="3">
					<symbol><title>Belehnungsszene</title></symbol>
					<symbol reliability="uncertain"><title>Herrscher</title></symbol>
				</line>
			</side>
		    </docText>
		</document>
			
		<document type="Kudduru" group="8">
		    <description>74', an other side of 74, Nabû-mukîn-apli Zeit</description>
		    <docText>
				<symbol><title>Belehnungsszene</title></symbol>
		    </docText>
		</document>
			
		<document type="Kudduru" group="9">
		    <description>97, Nabû-[apla-iddi]na Zeit</description>
		    <docText>
				<line number="1">
					<symbol reliability="uncertain"><title>Siebengestirn</title></symbol>
				</line>
				<line number="2">
					<symbol><title>Schlange</title></symbol>
					<symbol><title>Schreibgerät</title></symbol>
					<symbol><title>Stern</title></symbol>
					<symbol><title>Stern</title></symbol>
					<symbol><title>Stern</title></symbol>
				</line>
				<line number="3">
					<symbol><title>Skorpion</title></symbol>
					<symbol><title>Stern</title></symbol>
					<symbol><title>Sonnensichel</title></symbol>
					<symbol><title>Mondsichel</title></symbol>
				</line>
				<line number="4">
					<symbol><title>Löwenstab</title></symbol>
					<symbol><title>Adlerstab</title></symbol>
					<symbol><title>Einzelne-Keule</title></symbol>
					<symbol><title>Doppellöwenkeule</title></symbol>
					<symbolUnit>
						<symbol><title>Hörnerkrone</title></symbol>
						<symbol><title>Symbolsockel</title></symbol>
					</symbolUnit>
					<symbolUnit>
						<symbol><title>Hörnerkrone</title></symbol>
						<symbol><title>Symbolsockel</title></symbol>
					</symbolUnit>
					<symbolUnit>
						<symbol><title>Band</title></symbol>
						<symbol><title>Symbolsockel</title></symbol>
					</symbolUnit>
				</line>
				<line number="5">
					<symbol reliability="uncertain"><title>Herrscher</title></symbol>
				</line>
		    </docText>
		</document>
			
		<document type="Kudduru" group="9">
		    <description>98</description>
		    <docText>
				<line number="1">
					<symbol><title>Löwenstab</title></symbol>
					<symbol><title>Adlerstab</title></symbol>
					<symbol><title>Einzelne-Keule</title></symbol>
					<symbol><title>Doppellöwenkeule</title></symbol>
					<symbolUnit>
						<symbol><title>Hörnerkrone</title></symbol>
						<symbol><title>Symbolsockel</title></symbol>
					</symbolUnit>
					<symbolUnit>
						<symbol><title>Hörnerkrone</title></symbol>
						<symbol><title>Symbolsockel</title></symbol>
					</symbolUnit>
					<symbolUnit>
						<symbol reliability="uncertain"><title>Schreibgerät</title></symbol>
						<symbol><title>Symbolsockel</title></symbol>
						<symbol><title>Schlangendrache</title></symbol>
					</symbolUnit>
				</line>
				<line number="2">
					<symbol><title>Herrscher</title></symbol>
					<symbol><title>Belehnungsszene</title></symbol>
				</line>
		    </docText>
		</document>
			
		<document type="Kudduru" group="9">
		    <description>100, Marduk-zākir-šumi I. Zeit</description>
		    <docText>
				<line number="1">
					<symbolUnit>
						<symbol><title>Symbolsockel</title></symbol>
						<symbol><title>Schreibgerät</title></symbol>
					</symbolUnit>
					<symbolUnit>
						<symbol><title>Blitzbündel</title></symbol>
						<symbol><title>Symbolsockel</title></symbol>
					</symbolUnit>
					<symbol><title>Hund</title></symbol>
					<symbolUnit>
						<symbol><title>Spaten</title></symbol>
						<symbol><title>Symbolsockel</title></symbol>
					</symbolUnit>
					<symbolUnit>
						<symbol><title>Doppellöwenkeule</title></symbol>
						<symbol><title>Symbolsockel</title></symbol>
					</symbolUnit>
					<symbolUnit>
						<symbol><title>Löwenstab</title></symbol>
						<symbol><title>Symbolsockel</title></symbol>
					</symbolUnit>
				</line>
				<line number="2">
					<symbol><title>Stern</title></symbol>
					<symbol><title>Sonnensichel</title></symbol>
					<symbol><title>Mondsichel</title></symbol>
				</line>
		    </docText>
		</document>
			
		<document type="Kudduru" group="10">
		    <description>102</description>
		    <docText>
				<side number="A">
					<line number="1">
						<symbol><title>Schlange</title></symbol>
					</line>
					<line number="2">
						<symbol><title>Sonnenscheibe</title></symbol>
						<symbol><title>Stern</title></symbol>
						<symbol><title>Band</title></symbol>
					</line>
				</side>
				<side number="B">
					<line>
						<symbol><title>Herrscher</title></symbol>
						<symbolUnit>
							<symbol><title>Schlangendrache</title></symbol>
							<symbol><title>Spaten</title></symbol>
							<symbol><title>Symbolsockel</title></symbol>
						</symbolUnit>
						<symbolUnit>
							<symbol><title>Schlangendrache</title></symbol>
							<symbol><title>Schreibgerät</title></symbol>
							<symbol><title>Symbolsockel</title></symbol>
						</symbolUnit>
					</line>
					<line number="2">
						<symbol reliability="uncertain"><title>Belehnungsszene</title></symbol>
					</line>
				</side>
				<side number="C">
					<symbol><title>Adlerstab</title></symbol>
					<symbol><title>Löwenstab</title></symbol>
				</side>
				<side number="D">
					<symbol><title>Doppellöwenkeule</title></symbol>
				</side>
		    </docText>
		</document>
			
		<document type="Kudduru" group="10">
		    <description>103, Nabû-šuma-iškun Zeit</description>
		    <docText>
				<side number="A">
					<line number="1">
						<symbol><title>Schlange</title></symbol>
						<symbol><title>Schlange</title></symbol>
					</line>
					<line number="2">
						<symbol><title>Mondsichel</title></symbol>
						<symbol><title>Sonnenscheibe</title></symbol>
						<symbol><title>Stern</title></symbol>
						<symbol><title>Siebengestirn</title></symbol>
						<symbol><title>Skorpion</title></symbol>
						<symbol><title>Lampe</title></symbol>
						<symbol><title>Schreitender-Vogel</title></symbol>
						<symbol><title>Bündel-u.-Keulen</title></symbol>
					</line>
					<line number="3">
						<symbolUnit>
							<symbol><title>Schlangendrache</title></symbol>
							<symbol><title>Spaten</title></symbol>
							<symbol><title>Symbolsockel</title></symbol>
						</symbolUnit>
						<symbol><title>Band</title></symbol>
						<symbolUnit>
							<symbol><title>Schlangendrache</title></symbol>
							<symbol><title>Schreibgerät</title></symbol>
							<symbol><title>Symbolsockel</title></symbol>
						</symbolUnit>
						<symbolUnit>
							<symbol><title>Ziegenfisch</title></symbol>
							<symbol><title>Widderstab</title></symbol>
							<symbol><title>Symbolsockel</title></symbol>
						</symbolUnit>
						<symbol><title>Löwenstab</title></symbol>
						<symbol><title>Adlerstab</title></symbol>
						<symbolUnit>
							<symbol><title>Hörnerkrone</title></symbol>
							<symbol><title>Symbolsockel</title></symbol>
						</symbolUnit>
						<symbolUnit>
							<symbol><title>Hörnerkrone</title></symbol>
							<symbol><title>Symbolsockel</title></symbol>
						</symbolUnit>
						<symbol><title>Blitzbündel</title></symbol>
					</line>
				</side>
				<side number="B">
					<line number="1">
						<symbol><title>Hund</title></symbol>
					<symbol><title>Messer</title></symbol>
					</line>
					<line number="2">
						<symbol><title>Ruderförm.-Standarte</title></symbol>
						<symbol><title>Ruderförm.-Standarte</title></symbol>
						<symbol><title>Ruderförm.-Standarte</title></symbol>
						<symbolUnit>
							<symbol><title>Götter</title></symbol>
						</symbolUnit>
						<symbol><title>Göttinnen</title></symbol>
						<symbolUnit>
							<symbol><title>Göttinnen</title></symbol>
							<symbol><title>Löwe</title></symbol>
						</symbolUnit>
					</line>
				</side>
		    </docText>
		</document>
			
		<document type="Kudduru" group="10">
		    <description>105, [Nabû]-nāṣir</description>
		    <docText>
				<line number="1">
					<symbol><title>Mondsichel</title></symbol>
				</line>
				<line number="2">
					<symbol><title>Lampe</title></symbol>
					<symbolUnit>
						<symbol><title>Schlangendrache</title></symbol>
						<symbol reliability="uncertain"><title>Spaten</title></symbol>
						<symbol><title>Symbolsockel</title></symbol>
					</symbolUnit>
				</line>
				<line number="3">
					<symbol><title>Herrscher</title></symbol>
				</line>
				<line number="4">
					<symbol reliability="uncertain"><title>Belehnungsszene</title></symbol>
				</line>
		    </docText>
		</document>
		
		<document type="Kudduru" group="10">
		    <description>108, Sargon II. Zeit</description>
		    <docText>
			<circle>
				<line number="1">
					<symbol><title>Schlange</title></symbol>
				</line>
				<line number="2">
					<symbolUnit>
						<symbol><title>Schlangendrache</title></symbol>
						<symbol><title>Spaten</title></symbol>
						<symbol><title>Symbolsockel</title></symbol>
					</symbolUnit>
					<symbolUnit>
						<symbol><title>Schlangendrache</title></symbol>
						<symbol><title>Schreibgerät</title></symbol>
						<symbol><title>Symbolsockel</title></symbol>
					</symbolUnit>
					<symbol><title>Mondsichel</title></symbol>
					<symbol><title>Sonnenscheibe</title></symbol>
					<symbol><title>Stern</title></symbol>
				</line>
			</circle>
		    </docText>
		</document>
			
		<document type="Kudduru" group="10">
		    <description>109, Šamaš-šuma-ukîn Zeit</description>
		    <docText>
				<symbol><title>Symbolsockel</title></symbol>
				<symbol reliability="uncertain"><title>Spaten</title></symbol>
				<symbol reliability="uncertain"><title>Schreibgerät</title></symbol>
				<symbol><title>Schreitender-Vogel</title></symbol>
				<symbol><title>Schlange</title></symbol>
				<symbol><title>Skorpion</title></symbol>
				<symbol><title>Löwenstab</title></symbol>
				<symbol><title>Schlangendrache</title></symbol>
		    </docText>
		</document>
   </entry>
</collection>
